26770,SinemaHemen: Dear Dumb Diary
44403,SinemaHemen: Housemaid, The
50657,Barbaros Hayrettin Paþa e006
17822,SinemaHemen: Red Dog
43853,SinemaHemen: Resident Evil: Retribution
16027,Dark Knight Rises, The
19526,Finding Nemo
48455,SinemaHemen: Live by Night
44628,SinemaHemen: Trollie: The Great Rescue
44472,SinemaHemen: Mad King of Taipei, The
26427,Paranormal Activity: The Marked Ones
19026,Hobbit, The -01- An Unexpected Journey
42800,Wreck-It Ralph -02- (Ralph Breaks the Internet)
17096,SinemaHemen: Lily Sometimes
48924,SinemaHemen: Yavrularým
40572,SinemaHemen: Heidi
19522,Cars -01-
47357,Þehirlerin Ruhu e15: Bolu
50277,SinemaHemen: Sevimli Tehlikeli
37269,SinemaHemen: Antboy -03-
34713,SinemaHemen: Don't Look In The Basement 2
48744,Þehirlerin Ruhu e58: Çorum
88,Mission: Impossible -02-
49037,SinemaHemen: Did You Hear About the Morgans?
50029,SinemaHemen: Maid in Manhattan
42802,Ant-Man and the Wasp
62105,Yüzyýlýn Alimleri e013
47516,SinemaHemen: Don't Breathe
30707,Dersimiz Kur'an-ý Kerim e19
44476,SinemaHemen: Max & Helen
50637,Minyatürlerle Osmanlý e027
27587,Big Hero 6
49,Mission: Impossible -01-
48336,SinemaHemen: Social Network, The
49549,SinemaHemen: Spider-Man: Homecoming
44285,SinemaHemen: Demon Within
48432,SinemaHemen: Zodiac
44959,SinemaHemen: Robo-Dog: Airborne
49280,SinemaHemen: Salt
15347,Wreck-It Ralph
46133,SinemaHemen: Ghostbusters
20502,SinemaHemen: So Undercover
28072,SinemaHemen: Bobby and The Ghost Hunters
23943,Wolverine, The
46489,Olly the Little White Van s01 e32
51912,SinemaHemen: Atla Gel Þaban
35877,SinemaHemen: Wyrmwood
33629,SinemaHemen: Paddington
23385,SinemaHemen: Dead Sushi
44890,SinemaHemen: You Are My Sunday
27251,SinemaHemen: American Dreams in China
12594,Transformers -03- Dark of the Moon
26081,SinemaHemen: Horse On The Balcony,The
48352,SinemaHemen: Annabelle
28993,SinemaHemen: Saving Santa
47353,Þehirlerin Ruhu e11: Urfa
28500,SinemaHemen: Thunder and the House of Magic
49273,SinemaHemen: Jack and Jill
43853,SinemaHemen: Resident Evil: Retribution
46926,SinemaHemen: Despite the Falling Snow
46474,Olly the Little White Van s01 e17
47500,SinemaHemen: Men in Black
22464,SinemaHemen: Scapegoat, The
34850,Star Wars: Episode -07- The Force Awakens
50236,SinemaHemen: Chameleon (2010)
30695,Dersimiz Kur'an-ý Kerim e07
24014,X-Men -04- Origins: Wolverine
48928,SinemaHemen: Avanak Apti
49040,SinemaHemen: Made of Honor
34750,SinemaHemen: Silenced, The
48807,SinemaHemen: One Direction: This Is Us
26081,SinemaHemen: Horse On The Balcony,The
50435,SinemaHemen: Beni Unutma
48707,Þehirlerin Ruhu e21: Sakarya
49641,SinemaHemen: Organize Ýþler
48730,Þehirlerin Ruhu e44: Denizli
36398,SinemaHemen: Kick It
47261,SinemaHemen: Mr & Mrs Adelman
50023,SinemaHemen: Hearts in Atlantis
19522,Cars -01-
34574,SinemaHemen: Starbuck
9484,Paranormal Activity -02-
36654,SinemaHemen: Vampire Sisters 2: Bats in the Belly
34578,SinemaHemen: Torrente 5
48703,Þehirlerin Ruhu e17: Konya
31734,SinemaHemen: Sorry if I Call You Love
49944,SinemaHemen: Trileçe
47142,Taha ve Masal Kuþu s01 e002
34852,Peanuts Movie, The
47257,SinemaHemen: Brotherhood
35850,SinemaHemen: Advocate, The: A Missing Body
51870,Limon ile Zeytin s03 e15: Balon Hýrsýzý
18637,Planes -01-
48395,SinemaHemen: Insidious -02-
44500,SinemaHemen: Otherworld, The
1119,G-Force
27578,Planes -02- Fire and Rescue
46509,Olly the Little White Van s01 e52
32702,SinemaHemen: Marshland
47155,Taha ve Masal Kuþu s01 e015
24012,X-Men -03- The Last Stand
32701,SinemaHemen: Brave Men's Blood
24993,SinemaHemen: Talk To The Dead
48707,Þehirlerin Ruhu e21: Sakarya
38229,Ice Age: Collision Course
48747,Þehirlerin Ruhu e61: Gümüþhane
17822,SinemaHemen: Red Dog
2426,SpongeBob SquarePants Movie, The
49549,SinemaHemen: Spider-Man: Homecoming
46881,Christopher Robin
35885,SinemaHemen: Perfect Man, A
47156,Taha ve Masal Kuþu s01 e016
8780,Transformers -01-
48726,Þehirlerin Ruhu e40: Adýyaman
50749,SinemaHemen: Conspiracy Theory
50439,SinemaHemen: Kapý
49273,SinemaHemen: Jack and Jill
51641,SinemaHemen: Passenger 57
47487,Quiet Place, A
8684,Harry Potter -07- and the Deathly Hallows: Part 01
8780,Transformers -01-
46494,Olly the Little White Van s01 e37
47500,SinemaHemen: Men in Black
53010,Sonic The Hedgehog
32447,SinemaHemen: Spinning into Butter
48807,SinemaHemen: One Direction: This Is Us
28979,SinemaHemen: Secrets of War
42799,Black Panther
44261,SinemaHemen: Broken Vows
50672,Barbaros Hayrettin Paþa e021
35266,SinemaHemen: Scout
35860,SinemaHemen: Home Sweet Home
47157,Taha ve Masal Kuþu s01 e017
28078,SinemaHemen: Occupants, The
51085,SinemaHemen: Ýkinci Þans
44532,SinemaHemen: Open at Night
49373,SinemaHemen: Gülen Adam
56879,BBC: Underground Worlds s01 e01
31723,SinemaHemen: Little Accidents
44288,SinemaHemen: Don Quixote
50184,SinemaHemen: Shining, The
34749,SinemaHemen: Santa Claus
48731,Þehirlerin Ruhu e45: Uþak
48718,Þehirlerin Ruhu e32: Çankýrý
49536,SinemaHemen: Fences
42322,Moana
47158,Taha ve Masal Kuþu s01 e018
19522,Cars -01-
44392,SinemaHemen: Cave
48738,Þehirlerin Ruhu e52: Ordu
46501,Olly the Little White Van s01 e44
48395,SinemaHemen: Insidious -02-
30723,Dersimiz Kur'an-ý Kerim e35
52322,Blue Story
44619,SinemaHemen: To Life!
50597,Adým Adým Kur'an Öðreniyorum e018
40570,SinemaHemen: Crossing Point
49446,SinemaHemen: Zulüm
40493,SinemaHemen: Manhattan Undying
48430,SinemaHemen: Other Guys, The
52479,SinemaHemen: Ýki Küçük Yaramaz
18175,Batman Begins
15000,Mission: Impossible -04- Ghost Protocol
50151,SinemaHemen: Resident Evil -03- Extinction
49423,SinemaHemen: Sosyete Þaban
48441,SinemaHemen: In the Fade
50240,SinemaHemen: Wolves at the Door
49139,Mule, The
49564,SinemaHemen: Arrest Me
36382,SinemaHemen: Boy in the Mirror, The
44623,SinemaHemen: Torrente 2: Mission in Marbella
49134,Fantastic Beasts: The Crimes of Grindelwald
22700,Star Trek -12- Into Darkness
46473,Olly the Little White Van s01 e16
51970,SinemaHemen: Final Destination -02-
40494,SinemaHemen: Marry Me!
33342,SinemaHemen: Devil's Mile
28504,Transformers -04- Age of Extinction
42325,Guardians of the Galaxy Vol. 2
49999,SinemaHemen: Geostorm
29427,American Sniper
30808,SinemaHemen: Mafia Only Kills in Summer, The
44302,SinemaHemen: Fifth Wheel, The
24650,SinemaHemen: Drug War
39306,SinemaHemen: 10 Days in a Madhouse
47255,SinemaHemen: Beyond Words
34728,SinemaHemen: Resurrection, A
30711,Dersimiz Kur'an-ý Kerim e23
40573,SinemaHemen: Hollow
43388,SinemaHemen: 100 metros
46500,Olly the Little White Van s01 e43
31725,SinemaHemen: Partners in Crime
49978,SinemaHemen: Deepwater Horizon
44798,Scooby-Doo & Batman: the Brave and the Bold
46118,SinemaHemen: Bone Collector, The
27590,Finding Dory
40499,SinemaHemen: Remember You
47167,Taha ve Masal Kuþu s01 e027
48739,Þehirlerin Ruhu e53: Rize
32714,SinemaHemen: Flame and Citron
49040,SinemaHemen: Made of Honor
28487,SinemaHemen: Max
46487,Olly the Little White Van s01 e30
36649,SinemaHemen: Gangnam Blues
28075,SinemaHemen: Half of a Yellow Sun
37269,SinemaHemen: Antboy -03-
50144,SinemaHemen: Police Academy -04- Citizens on Patrol
32742,SinemaHemen: Absent One, The
46961,SinemaHemen: Vanishing Time: A Boy Who Returned
50648,Minyatürlerle Osmanlý e038
47214,SinemaHemen: A Few Good Men
44518,SinemaHemen: Downhill
47159,Taha ve Masal Kuþu s01 e019
33358,SinemaHemen: Resident Evil -02- Apocalypse
47356,Þehirlerin Ruhu e14: Amasya
49258,SinemaHemen: 2012
37267,SinemaHemen: Last King, The
23189,SinemaHemen: Sacred, The
40589,SinemaHemen: Games Maker, The
50752,SinemaHemen: Eraser
40572,SinemaHemen: Heidi
36382,SinemaHemen: Boy in the Mirror, The
49427,SinemaHemen: Dark Horse, The (2014)
58005,BBC: Animal Impossible s01 e04
46259,SinemaHemen: Angry Birds Movie, The
64058,24Kitchen: Taste of Australia w/Hayden Quinn-S1 e02
58007,BBC: Animal Impossible s01 e06
40590,SinemaHemen: Time Renegades
40567,SinemaHemen: Before Dawn
28069,SinemaHemen: Antboy
12144,SinemaHemen: Frozen
36647,SinemaHemen: Emelie
12670,Super 8
23289,SinemaHemen: Famous Five
47170,Taha ve Masal Kuþu s01 e030
44234,SinemaHemen: Adventurer: The Curse of the Midas
42331,Star Wars: Episode III - Revenge of the Sith
41573,xXx: Return of Xander Cage
27255,SinemaHemen: Noble Family, The
40584,SinemaHemen: Possession Experiment, The
48405,SinemaHemen: Passengers (2016)
49363,SinemaHemen: En Büyük Þaban
44295,SinemaHemen: Escape
18461,V for Vendetta
43853,SinemaHemen: Resident Evil: Retribution
48720,Þehirlerin Ruhu e34: Isparta
27441,SinemaHemen: Outpost -03- Rise of the Spetnaz
40578,SinemaHemen: Not My Day
46923,SinemaHemen: Cloudy with a Chance of Meatballs
46490,Olly the Little White Van s01 e33
24953,SinemaHemen: Empire of Dirt
33339,SinemaHemen: Dancer and the Dame
24006,Ice Age -02- The Meltdown
48391,SinemaHemen: Click
42322,Moana
8779,Mission: Impossible -03-
46291,SinemaHemen: Night of a 1000 Hours
44624,SinemaHemen: Torrente 3: El protector
17810,SinemaHemen: Lookout, The 
50642,Minyatürlerle Osmanlý e032
8779,Mission: Impossible -03-
50593,Adým Adým Kur'an Öðreniyorum e014
47168,Taha ve Masal Kuþu s01 e028
44235,SinemaHemen: Adventurers' Club
28664,SinemaHemen: Tom Yum Goong -02-
44484,SinemaHemen: Mr.Frog
48932,SinemaHemen: Þaþkýn Damat
32472,SinemaHemen: Crocodile of Botswanga, The
44231,SinemaHemen: Seventh Dwarf, The
56881,BBC: Underground Worlds s01 e03
50165,SinemaHemen: Superman -01-
17040,SinemaHemen: Atrocious
44405,SinemaHemen: Italian Race
36675,SinemaHemen: Wild Life
33335,SinemaHemen: Borderland
49135,Scooby-Doo! and the Curse of the 13th Ghost
32460,SinemaHemen: Gates of the Sun
48430,SinemaHemen: Other Guys, The
44519,SinemaHemen: Everyone's Life
46502,Olly the Little White Van s01 e45
50671,Barbaros Hayrettin Paþa e020
27181,SinemaHemen: Bloody April Fools
40575,SinemaHemen: Les ogres
46458,Olly the Little White Van s01 e01
18215,Lord of the Rings, The -03- The Return of the King
40573,SinemaHemen: Hollow
37268,SinemaHemen: Taxi
47357,Þehirlerin Ruhu e15: Bolu
43853,SinemaHemen: Resident Evil: Retribution
42321,Rogue One: A Star Wars Story
44267,SinemaHemen: Carnage Park
44299,SinemaHemen: Famous Five 3
24005,Ice Age -01-
62095,Yüzyýlýn Alimleri e003
18321,Paranormal Activity -04- 
44732,SinemaHemen: Sense of Wonder, The
50143,SinemaHemen: Police Academy -03- Back in Training
36651,SinemaHemen: Wave, The
32124,SinemaHemen: Redirected
4095,Godfather, The -02-
27446,SinemaHemen: Switch
33816,SinemaHemen: Kill Game
40485,SinemaHemen: Correspondence
49278,SinemaHemen: My Girl
48736,Þehirlerin Ruhu e50: Giresun
4096,Godfather, The -03-
31730,SinemaHemen: Roaring Currents
23170,SinemaHemen: Back to 1942
24072,Godzilla
48720,Þehirlerin Ruhu e34: Isparta
49839,SinemaHemen: 21
27150,SinemaHemen: Vendetta
43997,SinemaHemen: The Curse of the Mayans
35860,SinemaHemen: Home Sweet Home
47145,Taha ve Masal Kuþu s01 e005
48723,Þehirlerin Ruhu e37: Niðde
50449,SinemaHemen: Dabbe -05- Zehr-i Cin
49565,SinemaHemen: Bana Masal Anlatma
30692,Dersimiz Kur'an-ý Kerim e04
13199,SinemaHemen: Box Collector, The
50142,SinemaHemen: Police Academy -02- Their First Assignment
47500,SinemaHemen: Men in Black
13234,SinemaHemen: Mission: Impossible -01-
30561,Maze Runner, The -01-
44490,SinemaHemen: My Friend Victoria
50588,Adým Adým Kur'an Öðreniyorum e009
49569,SinemaHemen: Cold Harbour
49279,SinemaHemen: Peter Pan
51085,SinemaHemen: Ýkinci Þans
24527,Edge of Tomorrow
51919,SinemaHemen: Ýstasyon
35560,SinemaHemen: Enter Nowhere
46118,SinemaHemen: Bone Collector, The
44731,SinemaHemen: Rodencia
27170,SinemaHemen: Homefront
2426,SpongeBob SquarePants Movie, The
49279,SinemaHemen: Peter Pan
18638,Frozen (2013)
88,Mission: Impossible -02-
42200,Hidden Figures
44451,SinemaHemen: Kalinka
46923,SinemaHemen: Cloudy with a Chance of Meatballs
34858,Deadpool
18923,Maleficent
50591,Adým Adým Kur'an Öðreniyorum e012
35279,SinemaHemen: Captain Sabertooth and the Treasure of Lama Rama
44818,Star Is Born, A
19156,Harry Potter -01- and the Sorcerer's Stone
44533,SinemaHemen: Operation Chromite
48336,SinemaHemen: Social Network, The
18421,SinemaHemen: No Tell Motel
46965,SinemaHemen: You Disappear
20127,SinemaHemen: Asterix and Obelix: On Her Majesty's Secret Service
49751,SinemaHemen: Surrogates
27438,SinemaHemen: Kon Tiki
44921,Murder on the Orient Express
44223,SinemaHemen: Duel, The
23925,SinemaHemen: Unit 7
49290,SinemaHemen: This Is It
42322,Moana
48711,Þehirlerin Ruhu e25: Gaziantep
23170,SinemaHemen: Back to 1942
50586,Adým Adým Kur'an Öðreniyorum e007
29427,American Sniper
26750,SinemaHemen: Witching and Bitching
34725,SinemaHemen: Windstorm 2
26797,SinemaHemen: Family United
24015,X-Men -05- First Class
32295,Alvin and the Chipmunks
34585,Mission: Impossible -05- Rogue Nation
50445,SinemaHemen: Çakallarla Dans -02- Hastasýyýz Dede
18689,SinemaHemen: Terraferma
35884,SinemaHemen: Number One Girl
49291,SinemaHemen: Ultraviolet
50598,Adým Adým Kur'an Öðreniyorum e019
48803,SinemaHemen: Mad Max: Fury Road
49040,SinemaHemen: Made of Honor
36645,SinemaHemen: Anna
28128,SinemaHemen: 7th Floor
47168,Taha ve Masal Kuþu s01 e028
53912,Bedesten e003
42324,Beauty and the Beast (Live Action)
4096,Godfather, The -03-
47214,SinemaHemen: A Few Good Men
47152,Taha ve Masal Kuþu s01 e012
42818,SinemaHemen: Night Eyes
50275,SinemaHemen: Bizans Oyunlarý
37265,SinemaHemen: Bus 657: El escape del siglo
49270,SinemaHemen: Hotel Transylvania -02-
30715,Dersimiz Kur'an-ý Kerim e27
36397,SinemaHemen: Antboy -02-
19523,WALL- E
44301,SinemaHemen: Fbi: Frog Butthead Ýnvestigators
30693,Dersimiz Kur'an-ý Kerim e05
20091,SinemaHemen: Imposter, The 
14660,SinemaHemen: Shark Night
18574,Thor -02- The Dark World
47255,SinemaHemen: Beyond Words
28988,SinemaHemen: Detour (2013)
19524,Ratatouille
44931,SinemaHemen: London Heist
49671,SinemaHemen: Snow Queen
50581,Adým Adým Kur'an Öðreniyorum e002
17885,SinemaHemen: Beautiful Boy
48731,Þehirlerin Ruhu e45: Uþak
44398,SinemaHemen: French Cuisine (2015)
36539,Big Short, The
41116,SinemaHemen: Ted Sieger's Molly Monster - Der Kinofilm
44253,SinemaHemen: Bibi Und Tina 2
47146,Taha ve Masal Kuþu s01 e006
18927,Good Dinosaur, The
26427,Paranormal Activity: The Marked Ones
24980,SinemaHemen: Ragnarok
19523,WALL- E
44608,SinemaHemen: Stopover, The
28985,SinemaHemen: Tuxedo, The
42696,Logan
47426,Hikayelerle Çocuklara 40 Hadis e015
33817,SinemaHemen: Paranormal Island
44405,SinemaHemen: Italian Race
49280,SinemaHemen: Salt
27589,Ant-Man
24006,Ice Age -02- The Meltdown
47423,Hikayelerle Çocuklara 40 Hadis e012
32458,SinemaHemen: Double Hour, The
24449,SinemaHemen: Guardians, The
33641,SinemaHemen: Sword of Vengeance
48391,SinemaHemen: Click
19026,Hobbit, The -01- An Unexpected Journey
46261,SinemaHemen: Body
45524,Star Wars: Episode VIII - The Last Jedi
48929,SinemaHemen: Selvi Boylum Al Yazmalým
15347,Wreck-It Ralph
48751,Þehirlerin Ruhu e65: Fatih
46469,Olly the Little White Van s01 e12
30831,SinemaHemen: Little Houdini
50596,Adým Adým Kur'an Öðreniyorum e017
47159,Taha ve Masal Kuþu s01 e019
50187,SinemaHemen: Vertical Limit
22701,World War Z
44621,SinemaHemen: Top Cat Begins
18461,V for Vendetta
34748,SinemaHemen: Road 47 aka Estrada 47
48737,Þehirlerin Ruhu e51: Samsun
43848,SinemaHemen: As Good as It Gets
4095,Godfather, The -02-
35524,SinemaHemen: Asterix: The Land of the Gods
49278,SinemaHemen: My Girl
50084,SinemaHemen: Tom & Jerry: Back to Oz
40503,SinemaHemen: Pearl Button, The
46481,Olly the Little White Van s01 e24
29426,Hobbit, The -03- The Battle of the Five Armies
49640,SinemaHemen: Neþeli Hayat
33787,SinemaHemen: Tom Sawyer and Huckleberry Finn
36154,SinemaHemen: L.A. Slasher
47157,Taha ve Masal Kuþu s01 e017
36159,SinemaHemen: Snow Queen -02-
8919,Top Gun
39308,SinemaHemen: Aerosol
47343,Þehirlerin Ruhu e01: Ankara
47516,SinemaHemen: Don't Breathe
4084,Toy Story -03-
44469,SinemaHemen: Little Grey Fergie 2, The
30708,Dersimiz Kur'an-ý Kerim e20
41112,SinemaHemen: Last of the Elephant Men
51917,SinemaHemen: Korkusuz Korkak
49318,SinemaHemen: Pawn Sacrifice
50640,Minyatürlerle Osmanlý e030
48807,SinemaHemen: One Direction: This Is Us
46508,Olly the Little White Van s01 e51
47148,Taha ve Masal Kuþu s01 e008
40585,SinemaHemen: Rendez-vous
30690,Dersimiz Kur'an-ý Kerim e02
44645,SinemaHemen: We Are Never Alone
48734,Þehirlerin Ruhu e48: Elazýð
48818,SinemaHemen: Hanzo
44005,SinemaHemen: Trespass Against Us
12670,Super 8
47346,Þehirlerin Ruhu e04: Edirne
44889,SinemaHemen: Rock, Paper, Scissors
30818,SinemaHemen: No Tears for the Dead
51876,Limon ile Zeytin s04 e03: Kahraman Çocuk
22533,SinemaHemen: Back to the Sea 
18213,Lord of the Rings, The -01- The Fellowship of the Ring
67,Godfather, The
29904,SinemaHemen: El Nino
47347,Þehirlerin Ruhu e05: Çanakkale
46475,Olly the Little White Van s01 e18
48937,Dora and the Lost City of Gold
36668,SinemaHemen: Magician, The (2015)
44578,SinemaHemen: Prevenge
18638,Frozen (2013)
49280,SinemaHemen: Salt
40510,SinemaHemen: Writer's Burrow, The
36665,SinemaHemen: Don't Grow Up
47421,Hikayelerle Çocuklara 40 Hadis e010
50187,SinemaHemen: Vertical Limit
51871,Limon ile Zeytin s02 e10: Büyük Sarý Bot
42199,Assassin's Creed
46511,Olly the Little White Van s01 e54
19037,Man of Steel
42329,Star Wars: Episode II - Attack of the Clones
22700,Star Trek -12- Into Darkness
20091,SinemaHemen: Imposter, The 
48717,Þehirlerin Ruhu e31: Karaman
46879,SinemaHemen: Seven Sisters
42202,SinemaHemen: Blood Father
34748,SinemaHemen: Road 47 aka Estrada 47
40494,SinemaHemen: Marry Me!
36538,X-Men: Apocalypse
19269,G.I. Joe: Retaliation
41366,Jack Reacher: Never Go Back
33358,SinemaHemen: Resident Evil -02- Apocalypse
49258,SinemaHemen: 2012
48748,Þehirlerin Ruhu e62: Niksar
25402,SinemaHemen: Shield of Straw
19526,Finding Nemo
44479,SinemaHemen: Medicine Seller
29426,Hobbit, The -03- The Battle of the Five Armies
50141,SinemaHemen: Police Academy -01-
50151,SinemaHemen: Resident Evil -03- Extinction
44600,SinemaHemen: Snowscape aka Neve
32699,SinemaHemen: Automata
47147,Taha ve Masal Kuþu s01 e007
24527,Edge of Tomorrow
49258,SinemaHemen: 2012
42815,SinemaHemen: Fanny's Journey
37278,SinemaHemen: Symphony of the Wild
44249,SinemaHemen: Barber, The
50467,SinemaHemen: Sonsuz Aþk
27841,SinemaHemen: Cuban Fury
37255,Me Before You
47427,Hikayelerle Çocuklara 40 Hadis e016
44411,SinemaHemen: I Can Quit Whenever I Want
26768,SinemaHemen: App
40487,SinemaHemen: Down by Love
34543,SinemaHemen: Christmas in Hollywood
41244,Star Trek Beyond
48716,Þehirlerin Ruhu e30: Ýzmir
25003,SinemaHemen: Billy & Buddy
18927,Good Dinosaur, The
27578,Planes -02- Fire and Rescue
47499,SinemaHemen: Men in Black 3
49279,SinemaHemen: Peter Pan
22450,SinemaHemen: Nim's Island -02-
29912,SinemaHemen: Land of the Bears
36643,SinemaHemen: Suburra
44437,SinemaHemen: In the Fog
32472,SinemaHemen: Crocodile of Botswanga, The
24005,Ice Age -01-
32613,SpongeBob Movie, The: Sponge Out of Water
25101,Prestige, The
44639,SinemaHemen: Vampire Sisters 3
19156,Harry Potter -01- and the Sorcerer's Stone
27590,Finding Dory
41577,Baywatch
49258,SinemaHemen: 2012
50582,Adým Adým Kur'an Öðreniyorum e003
49362,SinemaHemen: Düttürü Dünya
23943,Wolverine, The
30722,Dersimiz Kur'an-ý Kerim e34
47166,Taha ve Masal Kuþu s01 e026
48336,SinemaHemen: Social Network, The
44635,SinemaHemen: Up on the Wooftop
44460,SinemaHemen: Legendary: Tomb of the Dragon
18689,SinemaHemen: Terraferma
50647,Minyatürlerle Osmanlý e037
49037,SinemaHemen: Did You Hear About the Morgans?
50284,SinemaHemen: Kedi Özledi
52037,SinemaHemen: Hidden Figures
36380,SinemaHemen: Big Wedding, The
44276,SinemaHemen: Conspiracy of Faith, A
48741,Þehirlerin Ruhu e55: Hatay
32699,SinemaHemen: Automata
36650,SinemaHemen: Man Vs.
34753,SinemaHemen: Yasmine
50590,Adým Adým Kur'an Öðreniyorum e011
49549,SinemaHemen: Spider-Man: Homecoming
49278,SinemaHemen: My Girl
44402,SinemaHemen: House, The
44770,SinemaHemen: Prime Minister
24099,SinemaHemen: Butter
48706,Þehirlerin Ruhu e20: Kütahya
56882,BBC: Underground Worlds s01 e04
39313,SinemaHemen: Farewell, Berlin Wall
44800,Justice League
47165,Taha ve Masal Kuþu s01 e025
46298,SinemaHemen: White Snake, The
64057,24Kitchen: Taste of Australia w/Hayden Quinn-S1 e01
50113,SinemaHemen: The Lego Ninjago Movie
30709,Dersimiz Kur'an-ý Kerim e21
14675,Brave
46118,SinemaHemen: Bone Collector, The
24527,Edge of Tomorrow
32122,SinemaHemen: Heavenly Sword
18461,V for Vendetta
36165,SinemaHemen: Ambush at Dark Canyon
17659,SinemaHemen: Shortcut, The 
42814,SinemaHemen: Fabulous Patars, The
48709,Þehirlerin Ruhu e23: Malatya
49549,SinemaHemen: Spider-Man: Homecoming
32295,Alvin and the Chipmunks
24031,Rise of the Planet of the Apes
50617,Minyatürlerle Osmanlý e007
4095,Godfather, The -02-
49136,Aquaman
34752,SinemaHemen: Walter & Tandoori's Xmas
32124,SinemaHemen: Redirected
47602,Deadpool -02-
64062,24Kitchen: Taste of Australia w/Hayden Quinn-S1 e06
27582,Avengers, The -02- Age of Ultron
36539,Big Short, The
44637,SinemaHemen: V8 - Start Your Engines!
50634,Minyatürlerle Osmanlý e024
17144,SinemaHemen: Music Never Stopped, The 
35868,SinemaHemen: Pororo
50167,SinemaHemen: Superman -03-
30721,Dersimiz Kur'an-ý Kerim e33
49273,SinemaHemen: Jack and Jill
47143,Taha ve Masal Kuþu s01 e003
64830,24Kitchen: Farm To Fork s02 e01
27583,Inside Out
44381,SinemaHemen: Second Best Exotic Marigold Hotel, The
48336,SinemaHemen: Social Network, The
50661,Barbaros Hayrettin Paþa e010
44476,SinemaHemen: Max & Helen
39321,SinemaHemen: Mara and the Firebringer
47170,Taha ve Masal Kuþu s01 e030
27158,SinemaHemen: Berlin File, The
44221,SinemaHemen: Captain Phillips
48719,Þehirlerin Ruhu e33: Afyonkarahisar
48728,Þehirlerin Ruhu e42: Sinop
26774,SinemaHemen: Pete's Christmas
50619,Minyatürlerle Osmanlý e009
40498,SinemaHemen: Paranormal Transmission
36235,Zootopia
48974,Annihilation
34584,Terminator -05- Genisys
46466,Olly the Little White Van s01 e09
48926,SinemaHemen: Þalvar Davasý
53918,Bedesten e009
28069,SinemaHemen: Antboy
18637,Planes -01-
41366,Jack Reacher: Never Go Back
50447,SinemaHemen: Çakallarla Dans 4
18209,Harry Potter -05- and the Order of the Phoenix
44220,SinemaHemen: Asura: The City of Madness
48721,Þehirlerin Ruhu e35: Aksaray
24007,Ice Age -03- Dawn of the Dinosaurs
50144,SinemaHemen: Police Academy -04- Citizens on Patrol
44393,SinemaHemen: Colonia
32742,SinemaHemen: Absent One, The
49450,SinemaHemen: 8 Ülke 8 Yönetmen Ve Sinan e04
2426,SpongeBob SquarePants Movie, The
47260,SinemaHemen: Monk (2017)
46479,Olly the Little White Van s01 e22
28074,SinemaHemen: Fourth State, The
46476,Olly the Little White Van s01 e19
47432,SinemaHemen: Little Vampire, The
30441,In the Heart of the Sea
32200,SinemaHemen: Magic Silver 2
48391,SinemaHemen: Click
48395,SinemaHemen: Insidious -02-
49556,SinemaHemen: After the Storm
44801,Lego DC Super Heroes: The Flash
36669,SinemaHemen: A.R.C.H.I.E.
47162,Taha ve Masal Kuþu s01 e022
32720,SinemaHemen: Debug
49270,SinemaHemen: Hotel Transylvania -02-
53911,Bedesten e002
49279,SinemaHemen: Peter Pan
48705,Þehirlerin Ruhu e19: Bilecik
44585,SinemaHemen: Romeo & Juliet
35761,ESPN: Nine For IX: Branded
32126,SinemaHemen: Expendables, The -03-
49999,SinemaHemen: Geostorm
47412,Hikayelerle Çocuklara 40 Hadis e001
50645,Minyatürlerle Osmanlý e035
50465,SinemaHemen: Oflu Hoca'nýn Þifresi 2
48391,SinemaHemen: Click
50608,Adým Adým Kur'an Öðreniyorum e029
19524,Ratatouille
24014,X-Men -04- Origins: Wolverine
17297,SinemaHemen: Hamilton -02-
19524,Ratatouille
34858,Deadpool
48430,SinemaHemen: Other Guys, The
20312,SinemaHemen: Bachelorette
47261,SinemaHemen: Mr & Mrs Adelman
37276,SinemaHemen: Right Now, Wrong Then
18638,Frozen (2013)
44864,SinemaHemen: Past Life
48732,Þehirlerin Ruhu e46: Yozgat
30710,Dersimiz Kur'an-ý Kerim e22
27446,SinemaHemen: Switch
33640,SinemaHemen: Spoof: Based on a True Movie
49037,SinemaHemen: Did You Hear About the Morgans?
46965,SinemaHemen: You Disappear
51916,SinemaHemen: Talihli Amele
51877,Limon ile Zeytin s03 e14: Robot Roli
24010,X-Men -01-
19520,Toy Story -01-
37258,Suicide Squad
24068,Hobbit, The -02- The Desolation of Smaug
49040,SinemaHemen: Made of Honor
58009,BBC: Animal Impossible s01 e08
50277,SinemaHemen: Sevimli Tehlikeli
25101,Prestige, The
33626,SinemaHemen: Ode to My Father
27583,Inside Out
39318,SinemaHemen: La novia
50654,Barbaros Hayrettin Paþa e003
50441,SinemaHemen: Yok Artýk
46462,Olly the Little White Van s01 e05
32447,SinemaHemen: Spinning into Butter
29912,SinemaHemen: Land of the Bears
46947,SinemaHemen: Little Tito and the Aliens
48740,Þehirlerin Ruhu e54: Birgi
49416,SinemaHemen: Seninle Ölmek Ýstiyorum
49924,SinemaHemen: Storks
49422,SinemaHemen: Sonbahar Rüzgarlari
47016,Aladdin (2019)
43704,SinemaHemen: Creepy
49280,SinemaHemen: Salt
28491,SinemaHemen: 9 - Month Stretch
42819,SinemaHemen: Pyromaniac
14675,Brave
56887,BBC: Underground Worlds s01 e09
51872,Limon ile Zeytin s04 e02: Dinozor Hikayesi
25377,SinemaHemen: Anderssons In Greece,The
41550,Collateral Beauty
44460,SinemaHemen: Legendary: Tomb of the Dragon
15347,Wreck-It Ralph
50585,Adým Adým Kur'an Öðreniyorum e006
44612,SinemaHemen: Tai Chi Zero
51641,SinemaHemen: Passenger 57
47348,Þehirlerin Ruhu e06: Manisa
49258,SinemaHemen: 2012
24005,Ice Age -01-
50452,SinemaHemen: Dönerse Senindir
44630,SinemaHemen: Tunnel
46498,Olly the Little White Van s01 e41
48712,Þehirlerin Ruhu e26: Kocaeli
44473,SinemaHemen: Mad Kings, The
44440,SinemaHemen: Inerasable, The
58002,BBC: Animal Impossible s01 e01
50580,Adým Adým Kur'an Öðreniyorum e001
47417,Hikayelerle Çocuklara 40 Hadis e006
36660,SinemaHemen: Little Prince
24070,Lego Movie, The
46492,Olly the Little White Van s01 e35
51909,SinemaHemen: Final Destination -04- The
28492,SinemaHemen: Long Way Down, A
50287,SinemaHemen: Osmanlý Cumhuriyeti
49383,SinemaHemen: Japon Ýþi
44510,SinemaHemen: Away
64510,24Kitchen: Taste of Australia w/Hayden Quinn-S1 e08
2833,Sherlock Holmes
44401,SinemaHemen: Help, I Shrunk My Teacher
47145,Taha ve Masal Kuþu s01 e005
33361,SinemaHemen: Taras Bulba
50625,Minyatürlerle Osmanlý e015
48703,Þehirlerin Ruhu e17: Konya
44396,SinemaHemen: Crossing, The
50653,Barbaros Hayrettin Paþa e002
46464,Olly the Little White Van s01 e07
32291,Avatar
44002,SinemaHemen: Messenger, The (2015)
39312,SinemaHemen: Deep in the Wood
65136,24Kitchen: Farm To Fork s02 e07
50587,Adým Adým Kur'an Öðreniyorum e008
40586,SinemaHemen: Rhubarb
49751,SinemaHemen: Surrogates
47214,SinemaHemen: A Few Good Men
49273,SinemaHemen: Jack and Jill
35538,SinemaHemen: Veteran
50616,Minyatürlerle Osmanlý e006
41366,Jack Reacher: Never Go Back
26797,SinemaHemen: Family United
46465,Olly the Little White Van s01 e08
40586,SinemaHemen: Rhubarb
46482,Olly the Little White Van s01 e25
28697,SinemaHemen: Free Ride
48735,Þehirlerin Ruhu e49: Burdur
49365,SinemaHemen: Evlidir Ne Yapsa Yeridir
50187,SinemaHemen: Vertical Limit
53910,Bedesten e001
35274,SinemaHemen: War I Knew, The
48702,Þehirlerin Ruhu e16: Kastamonu
37249,Batman v Superman: Dawn of Justice
50167,SinemaHemen: Superman -03-
44453,SinemaHemen: Kills on Wheels
51874,Limon ile Zeytin s01 e01: Havuz Problemi
49839,SinemaHemen: 21
48336,SinemaHemen: Social Network, The
44594,SinemaHemen: Selfie
44447,SinemaHemen: Josephine -02-
50635,Minyatürlerle Osmanlý e025
44622,SinemaHemen: Torrente
48748,Þehirlerin Ruhu e62: Niksar
35888,SinemaHemen: Travelers
22702,SinemaHemen: Forgotten
48729,Þehirlerin Ruhu e43: Aydýn
24622,X-Men: Days of Future Past
50166,SinemaHemen: Superman -02-
43712,SinemaHemen: Iqbal Farooq
48721,Þehirlerin Ruhu e35: Aksaray
37258,Suicide Squad
67,Godfather, The
47151,Taha ve Masal Kuþu s01 e011
48749,Þehirlerin Ruhu e63: ÜSküdar
46484,Olly the Little White Van s01 e27
12670,Super 8
36665,SinemaHemen: Don't Grow Up
41571,Rings
48923,SinemaHemen: Namuslu
35299,SinemaHemen: Night Fare
40491,SinemaHemen: Harvesting, The
42799,Black Panther
44409,SinemaHemen: Hunting Flies
33818,SinemaHemen: Speak No Evil
47499,SinemaHemen: Men in Black 3
50454,SinemaHemen: Ýkimizin Yerine
44761,SinemaHemen: Back to Burgundy
50600,Adým Adým Kur'an Öðreniyorum e021
12190,Harry Potter -08- and the Deathly Hallows: Part 02
50614,Minyatürlerle Osmanlý e004
35312,SinemaHemen: Streetdance All Stars
50602,Adým Adým Kur'an Öðreniyorum e023
44760,SinemaHemen: Babylon Sisters
48395,SinemaHemen: Insidious -02-
44534,SinemaHemen: Out of the Shadows
37238,Intern, The
24015,X-Men -05- First Class
47150,Taha ve Masal Kuþu s01 e010
28090,SinemaHemen: Five Thirteen
22694,SinemaHemen: Revenge for Jolly!
44625,SinemaHemen: Torrente 4
40587,SinemaHemen: Slum Police
44488,SinemaHemen: My Big Night
44931,SinemaHemen: London Heist
44454,SinemaHemen: Kristen
51918,SinemaHemen: Þark Bülbülü
24007,Ice Age -03- Dawn of the Dinosaurs
50660,Barbaros Hayrettin Paþa e009
50122,SinemaHemen: Groundhog Day
42644,SinemaHemen: Snowtime!
54539,SinemaHemen: Dog's Way Home, A
23943,Wolverine, The
48735,Þehirlerin Ruhu e49: Burdur
28706,SinemaHemen: Torment
23410,SinemaHemen: Thin Ice
24006,Ice Age -02- The Meltdown
44646,SinemaHemen: We Are Still Here
35884,SinemaHemen: Number One Girl
30717,Dersimiz Kur'an-ý Kerim e29
48727,Þehirlerin Ruhu e41: Antalya
27586,Cinderella (2015)
35282,SinemaHemen: Chronicles of Evil
25394,SinemaHemen: Measuring The World
50663,Barbaros Hayrettin Paþa e012
8780,Transformers -01-
28076,SinemaHemen: John Dies at the End
49270,SinemaHemen: Hotel Transylvania -02-
47169,Taha ve Masal Kuþu s01 e029
28117,SinemaHemen: End Call
44485,SinemaHemen: Musudan
42822,SinemaHemen: Social Suicide
48355,SinemaHemen: Happy Feet Two
22700,Star Trek -12- Into Darkness
49040,SinemaHemen: Made of Honor
32344,SinemaHemen: I Declare War
47511,SinemaHemen: Salt Princess, The
46483,Olly the Little White Van s01 e26
29919,SinemaHemen: Minuscule: Valley of the Lost Ants
32699,SinemaHemen: Automata
47149,Taha ve Masal Kuþu s01 e009
18321,Paranormal Activity -04- 
44418,SinemaHemen: Gehenna
30818,SinemaHemen: No Tears for the Dead
21230,SinemaHemen: Monkey on My Shoulder, A 
64831,24Kitchen: Farm To Fork s02 e02
31741,SinemaHemen: Irish Jam
50122,SinemaHemen: Groundhog Day
23289,SinemaHemen: Famous Five
49291,SinemaHemen: Ultraviolet
47147,Taha ve Masal Kuþu s01 e007
47499,SinemaHemen: Men in Black 3
50633,Minyatürlerle Osmanlý e023
44457,SinemaHemen: Legend of La Llorona
43701,SinemaHemen: At the End of the Tunnel
42140,Dunkirk
44408,SinemaHemen: Hunt, The
47353,Þehirlerin Ruhu e11: Urfa
18421,SinemaHemen: No Tell Motel
47153,Taha ve Masal Kuþu s01 e013
26076,SinemaHemen: Famous Five 2
44282,SinemaHemen: Dark Side of the Moon
35270,SinemaHemen: Outlaw League, The
47151,Taha ve Masal Kuþu s01 e011
48716,Þehirlerin Ruhu e30: Ýzmir
47163,Taha ve Masal Kuþu s01 e023
50584,Adým Adým Kur'an Öðreniyorum e005
46513,Olly the Little White Van s01 e56
50592,Adým Adým Kur'an Öðreniyorum e013
26813,SinemaHemen: Saving General Yang
44270,SinemaHemen: Chocolat
49273,SinemaHemen: Jack and Jill
24031,Rise of the Planet of the Apes
30700,Dersimiz Kur'an-ý Kerim e12
49454,SinemaHemen: 8 Ülke 8 Yönetmen Ve Sinan e08
34575,SinemaHemen: Thanks to My Friends
40497,SinemaHemen: One Way Trip
17895,SinemaHemen: Kokowaah 
48732,Þehirlerin Ruhu e46: Yozgat
34375,Maze Runner -02- The Scorch Trials
46507,Olly the Little White Van s01 e50
20127,SinemaHemen: Asterix and Obelix: On Her Majesty's Secret Service
43853,SinemaHemen: Resident Evil: Retribution
46133,SinemaHemen: Ghostbusters
41367,Allied
24649,SinemaHemen: Believe (2013)
58004,BBC: Animal Impossible s01 e03
36151,SinemaHemen: Heart of Lightness
35270,SinemaHemen: Outlaw League, The
48336,SinemaHemen: Social Network, The
49291,SinemaHemen: Ultraviolet
32727,SinemaHemen: Man of East
56883,BBC: Underground Worlds s01 e05
46930,SinemaHemen: Faultless
44828,SinemaHemen: Last Girl Standing
49315,SinemaHemen: Nadide Hayat
46255,Mountain Between Us, The
22801,SinemaHemen: Parker 
28967,SinemaHemen: Having You
46128,SinemaHemen: Patient Seven
48702,Þehirlerin Ruhu e16: Kastamonu
43853,SinemaHemen: Resident Evil: Retribution
44249,SinemaHemen: Barber, The
51633,SinemaHemen: Cinnet
32126,SinemaHemen: Expendables, The -03-
43404,SinemaHemen: One Last Heist
49037,SinemaHemen: Did You Hear About the Morgans?
50166,SinemaHemen: Superman -02-
46257,Maze Runner: The Death Cure
44631,SinemaHemen: Two Buddies and a Badger
18929,Guardians of the Galaxy
18442,Matrix, The -03- Revolutions
49394,SinemaHemen: Keloðlan ile Cankýz
50652,Barbaros Hayrettin Paþa e001
1119,G-Force
30704,Dersimiz Kur'an-ý Kerim e16
19266,Jack Reacher
50603,Adým Adým Kur'an Öðreniyorum e024
33782,SinemaHemen: 24 Hours
40580,SinemaHemen: Palm Trees in the Snow
44585,SinemaHemen: Romeo & Juliet
49278,SinemaHemen: My Girl
48708,Þehirlerin Ruhu e22: Kayseri
40487,SinemaHemen: Down by Love
49335,SinemaHemen: Aþkýn Zaferi
42818,SinemaHemen: Night Eyes
49451,SinemaHemen: 8 Ülke 8 Yönetmen Ve Sinan e05
46289,SinemaHemen: Mon Roi
48820,SinemaHemen: Çiçek Abbas
42137,Wonder Woman
50777,SinemaHemen: Snakes on a Plane
43721,SinemaHemen: Savage Dog
47988,Smallfoot
58,Forrest Gump
28956,SinemaHemen: Bald Mountain
46923,SinemaHemen: Cloudy with a Chance of Meatballs
46461,Olly the Little White Van s01 e04
50168,SinemaHemen: Superman -04- The Quest for Peace
18926,Captain America: The Winter Soldier
44543,SinemaHemen: We Used to Be Cool
42332,Star Wars: Episode V - The Empire Strikes Back
19833,Tuxedo, The
24012,X-Men -03- The Last Stand
27167,SinemaHemen: Flu
51878,Limon ile Zeytin s04 e16: Uzay Elçisi
18923,Maleficent
37274,SinemaHemen: Uncanny
48734,Þehirlerin Ruhu e48: Elazýð
35537,SinemaHemen: Unnatural
50638,Minyatürlerle Osmanlý e028
30699,Dersimiz Kur'an-ý Kerim e11
46514,Olly the Little White Van s01 e57
44406,SinemaHemen: Night Watchmen, The
24622,X-Men: Days of Future Past
49358,SinemaHemen: Dert Bende
32458,SinemaHemen: Double Hour, The
44001,SinemaHemen: Master
43409,SinemaHemen: They Call Me Jeeg
44253,SinemaHemen: Bibi Und Tina 2
35315,SinemaHemen: Royal Tailor, The
52128,SinemaHemen: Annie
50275,SinemaHemen: Bizans Oyunlarý
50122,SinemaHemen: Groundhog Day
48733,Þehirlerin Ruhu e47: Muðla
50583,Adým Adým Kur'an Öðreniyorum e004
33341,SinemaHemen: Dead Heist
52776,SinemaHemen: Evim Sensin
48710,Þehirlerin Ruhu e24: Kahramanmaraþ
48750,Þehirlerin Ruhu e64: Adalar
58010,BBC: Animal Impossible s01 e09
50604,Adým Adým Kur'an Öðreniyorum e025
44606,SinemaHemen: Starfish
36659,SinemaHemen: Kumiko, the Treasure Hunter
50666,Barbaros Hayrettin Paþa e015
52772,SinemaHemen: Scooby-Doo! Moon Monster Madness
42801,Avengers: Infinity War
50465,SinemaHemen: Oflu Hoca'nýn Þifresi 2
44577,SinemaHemen: Possessed
44503,SinemaHemen: Paranormal Drive
44583,SinemaHemen: Rio 2096
10186,Transformers -02- Revenge of the Fallen
48351,SinemaHemen: Polar Express, The
32701,SinemaHemen: Brave Men's Blood
24070,Lego Movie, The
24650,SinemaHemen: Drug War
49382,SinemaHemen: Ýþte Hayat
48395,SinemaHemen: Insidious -02-
46946,SinemaHemen: Little Big Voice
44517,SinemaHemen: Don't Hang Up
1420,Up (Animated)
64512,24Kitchen: Taste of Australia w/Hayden Quinn-S1 e10
43853,SinemaHemen: Resident Evil: Retribution
37263,SinemaHemen: All for Them
50471,SinemaHemen: 4N1K
40578,SinemaHemen: Not My Day
35858,SinemaHemen: Foosball
37262,Sully
36656,SinemaHemen: Spy Time
34723,SinemaHemen: Snowpiercer
17266,SinemaHemen: Hessen Affair, The
40588,SinemaHemen: Fencer, The
46963,SinemaHemen: Winnetou's Son
1420,Up (Animated)
32450,SinemaHemen: Abel
23282,SinemaHemen: Glimpse Inside the Mind of Charles Swan III, A 
33814,SinemaHemen: Shrew's Nest
44233,SinemaHemen: Across the Waters
32306,Alvin and the Chipmunks -03- Chipwrecked
44427,SinemaHemen: Will You Be There?
35539,SinemaHemen: Black Bread
51875,Limon ile Zeytin s02 e11: Hayaletli Ev
44936,SinemaHemen: Time of Their Lives, The
24015,X-Men -05- First Class
50437,SinemaHemen: Çakallarla Dans 5
49278,SinemaHemen: My Girl
32200,SinemaHemen: Magic Silver 2
14741,Paranormal Activity -03-
40591,SinemaHemen: Unfair, The
48404,SinemaHemen: Town, The
50733,SinemaHemen: Pacific Rim
50141,SinemaHemen: Police Academy -01-
47351,Þehirlerin Ruhu e09: Mardin
24011,X-Men -02- X2
35548,SinemaHemen: Theeb
44271,SinemaHemen: Christmas Miracle Of Jonathan Toomey, The
47144,Taha ve Masal Kuþu s01 e004
49040,SinemaHemen: Made of Honor
44234,SinemaHemen: Adventurer: The Curse of the Midas
27448,SinemaHemen: White Elephant
44824,Teen Titans Go! To the Movies
30691,Dersimiz Kur'an-ý Kerim e03
43390,SinemaHemen: Devil's Bride
33113,Captain America: Civil War
20503,SinemaHemen: Stash House
47154,Taha ve Masal Kuþu s01 e014
43720,SinemaHemen: Rabid Dogs
49449,SinemaHemen: 8 Ülke 8 Yönetmen Ve Sinan e03
43412,SinemaHemen: Vulcania
50165,SinemaHemen: Superman -01-
24048,Ice Age -04- Continental Drift
48742,Þehirlerin Ruhu e56: Beypazarý
22619,SinemaHemen: Farewell, My Queen
32714,SinemaHemen: Flame and Citron
41366,Jack Reacher: Never Go Back
48336,SinemaHemen: Social Network, The
42815,SinemaHemen: Fanny's Journey
27441,SinemaHemen: Outpost -03- Rise of the Spetnaz
46879,SinemaHemen: Seven Sisters
56886,BBC: Underground Worlds s01 e08
49443,SinemaHemen: Yoksul
28974,SinemaHemen: Patriotic Man, A
48927,SinemaHemen: Dolap Beygiri
47420,Hikayelerle Çocuklara 40 Hadis e009
44418,SinemaHemen: Gehenna
48807,SinemaHemen: One Direction: This Is Us
67,Godfather, The
47164,Taha ve Masal Kuþu s01 e024
34542,SinemaHemen: Checkmate
8780,Transformers -01-
41366,Jack Reacher: Never Go Back
47424,Hikayelerle Çocuklara 40 Hadis e013
48391,SinemaHemen: Click
47158,Taha ve Masal Kuþu s01 e018
40591,SinemaHemen: Unfair, The
44396,SinemaHemen: Crossing, The
44499,SinemaHemen: One Wild Moment
17885,SinemaHemen: Beautiful Boy
36148,SinemaHemen: Black Mountain Side
15767,Sherlock Holmes -02- A Game of Shadows
44610,SinemaHemen: Street Racer aka Streetracers
65142,24Kitchen: Wok vs. Pot s01 e03
43999,SinemaHemen: King Arthur: Excalibur Rising
50667,Barbaros Hayrettin Paþa e016
19266,Jack Reacher
50606,Adým Adým Kur'an Öðreniyorum e027
44462,SinemaHemen: Let's Be Evil
47355,Þehirlerin Ruhu e13: Tokat
50288,SinemaHemen: Babam ve Oðlum
35283,SinemaHemen: Coffin, The
30702,Dersimiz Kur'an-ý Kerim e14
28985,SinemaHemen: Tuxedo, The
18461,V for Vendetta
49549,SinemaHemen: Spider-Man: Homecoming
26427,Paranormal Activity: The Marked Ones
47422,Hikayelerle Çocuklara 40 Hadis e011
46083,Solo: A Star Wars Story
52032,SinemaHemen: Quiet Place, A
24010,X-Men -01-
25377,SinemaHemen: Anderssons In Greece,The
49279,SinemaHemen: Peter Pan
18442,Matrix, The -03- Revolutions
41578,Transformers: The Last Knight
37265,SinemaHemen: Bus 657: El escape del siglo
64061,24Kitchen: Taste of Australia w/Hayden Quinn-S1 e05
49278,SinemaHemen: My Girl
36381,SinemaHemen: Bill
28692,SinemaHemen: In Her Shoes
50187,SinemaHemen: Vertical Limit
19266,Jack Reacher
27181,SinemaHemen: Bloody April Fools
34575,SinemaHemen: Thanks to My Friends
19266,Jack Reacher
52761,SinemaHemen: Scooby-Doo! Shaggy's Showdown
33358,SinemaHemen: Resident Evil -02- Apocalypse
34713,SinemaHemen: Don't Look In The Basement 2
28504,Transformers -04- Age of Extinction
44641,SinemaHemen: Viking Legacy
50446,SinemaHemen: Çakallarla Dans -03- Sýfýr Sýkýntý
40575,SinemaHemen: Les ogres
24655,SinemaHemen: Brass Teapot , The
34725,SinemaHemen: Windstorm 2
18206,Dark Knight, The
29898,SinemaHemen: All Cheerleaders Die
50670,Barbaros Hayrettin Paþa e019
35536,SinemaHemen: Spooks: The Greater Good
14675,Brave
51921,SinemaHemen: Kapýcýlar Kralý
41576,Mother!
14675,Brave
47499,SinemaHemen: Men in Black 3
24974,SinemaHemen: Nobody Owns Me
50664,Barbaros Hayrettin Paþa e013
49,Mission: Impossible -01-
19708,SinemaHemen: Paragraph 78
23408,SinemaHemen: Tai Chi Hero
46488,Olly the Little White Van s01 e31
37245,Lego Scooby-Doo!: Haunted Hollywood
42333,Star Wars: Episode I - The Phantom Menace
47413,Hikayelerle Çocuklara 40 Hadis e002
32129,SinemaHemen: Things People Do
32702,SinemaHemen: Marshland
24031,Rise of the Planet of the Apes
22619,SinemaHemen: Farewell, My Queen
46497,Olly the Little White Van s01 e40
64509,24Kitchen: Taste of Australia w/Hayden Quinn-S1 e07
49839,SinemaHemen: 21
62094,Yüzyýlýn Alimleri e002
22392,SinemaHemen: Few Hours of Spring, A 
47350,Þehirlerin Ruhu e08: Erzurum
48343,SinemaHemen: Departed, The
28075,SinemaHemen: Half of a Yellow Sun
32746,LEGO DC Super Heroes Attack Of The Legion Of Doom
9659,Tangled
9484,Paranormal Activity -02-
28664,SinemaHemen: Tom Yum Goong -02-
44226,SinemaHemen: Grown Ups -02-
50673,Barbaros Hayrettin Paþa e022
50643,Minyatürlerle Osmanlý e033
24031,Rise of the Planet of the Apes
30689,Dersimiz Kur'an-ý Kerim e01
40571,SinemaHemen: Havenhurst
44812,Ready Player One
15347,Wreck-It Ralph
48328,Bumblebee
27448,SinemaHemen: White Elephant
34535,SinemaHemen: Ghost, The
47355,Þehirlerin Ruhu e13: Tokat
44650,Discovery: Rise Of The Warrior Apes
49452,SinemaHemen: 8 Ülke 8 Yönetmen Ve Sinan e06
50499,SinemaHemen: Le challat de Tunis
40589,SinemaHemen: Games Maker, The
48715,Þehirlerin Ruhu e29: Balýkesir
44231,SinemaHemen: Seventh Dwarf, The
46485,Olly the Little White Van s01 e28
49847,SinemaHemen: Bad Country
47350,Þehirlerin Ruhu e08: Erzurum
30716,Dersimiz Kur'an-ý Kerim e28
40509,SinemaHemen: Weaponized
47352,Þehirlerin Ruhu e10: Diyarbakýr
36664,SinemaHemen: Classified File, The
33358,SinemaHemen: Resident Evil -02- Apocalypse
8684,Harry Potter -07- and the Deathly Hallows: Part 01
44411,SinemaHemen: I Can Quit Whenever I Want
44640,SinemaHemen: Versus
48432,SinemaHemen: Zodiac
65138,24Kitchen: Farm To Fork s02 e09
19526,Finding Nemo
44459,SinemaHemen: Legend of the Mummies
43396,SinemaHemen: Hide and Never Seek
23831,Gravity
35775,Paranormal Activity -05- The Ghost Dimension
29923,SinemaHemen: Spanish Affair
64833,24Kitchen: Farm To Fork s02 e04
52766,SinemaHemen: Scooby-Doo WWE Curse of the Speed Demon
18638,Frozen (2013)
48724,Þehirlerin Ruhu e38: Ýznik
44274,SinemaHemen: Complexity of Happiness, The
46471,Olly the Little White Van s01 e14
44731,SinemaHemen: Rodencia
62101,Yüzyýlýn Alimleri e009
49040,SinemaHemen: Made of Honor
50613,Minyatürlerle Osmanlý e003
30831,SinemaHemen: Little Houdini
44422,SinemaHemen: Shepherds And Butchers
34584,Terminator -05- Genisys
44955,SinemaHemen: Our Loved Ones
49290,SinemaHemen: This Is It
49571,SinemaHemen: Deliha
47344,Þehirlerin Ruhu e02: Bursa
46510,Olly the Little White Van s01 e53
33112,Jungle Book, The (2016)
9659,Tangled
49291,SinemaHemen: Ultraviolet
46459,Olly the Little White Van s01 e02
32378,Tinker Bell and the Legend of the NeverBeast
48336,SinemaHemen: Social Network, The
50620,Minyatürlerle Osmanlý e010
40577,SinemaHemen: Murdered Memory
48430,SinemaHemen: Other Guys, The
28955,SinemaHemen: Babysitting
44621,SinemaHemen: Top Cat Begins
12594,Transformers -03- Dark of the Moon
15767,Sherlock Holmes -02- A Game of Shadows
44487,SinemaHemen: My Big Fat Greek Wedding 2
44482,SinemaHemen: Moka
50629,Minyatürlerle Osmanlý e019
44473,SinemaHemen: Mad Kings, The
44592,SinemaHemen: Scent of Mandarin, The
44935,SinemaHemen: Small Town Killers
17659,SinemaHemen: Shortcut, The 
47345,Þehirlerin Ruhu e03: Ýstanbul
36175,SinemaHemen: Piper, The
41678,Discovery: Racing Extinction
47161,Taha ve Masal Kuþu s01 e021
32741,SinemaHemen: Tortured, The
22393,SinemaHemen: Dead Mine
31724,SinemaHemen: Minion
50668,Barbaros Hayrettin Paþa e017
50589,Adým Adým Kur'an Öðreniyorum e010
46512,Olly the Little White Van s01 e55
44287,SinemaHemen: Diggers
48430,SinemaHemen: Other Guys, The
2833,Sherlock Holmes
19520,Toy Story -01-
24007,Ice Age -03- Dawn of the Dinosaurs
30441,In the Heart of the Sea
63697,Colors of Love
48405,SinemaHemen: Passengers (2016)
50601,Adým Adým Kur'an Öðreniyorum e022
46499,Olly the Little White Van s01 e42
53916,Bedesten e007
40588,SinemaHemen: Fencer, The
50621,Minyatürlerle Osmanlý e011
50147,SinemaHemen: Police Academy -07- Mission to Moscow
37249,Batman v Superman: Dawn of Justice
50186,SinemaHemen: Tom & Jerry: Charlie & The Chocolate Factory
36178,SinemaHemen: Silent Thief, The
34543,SinemaHemen: Christmas in Hollywood
27167,SinemaHemen: Flu
48391,SinemaHemen: Click
39309,SinemaHemen: April and the Extraordinary World
48922,SinemaHemen: Züðürt Aða
50444,SinemaHemen: Çakallarla Dans
44462,SinemaHemen: Let's Be Evil
46113,SinemaHemen: America's Sweethearts
48352,SinemaHemen: Annabelle
48804,SinemaHemen: San Andreas
28084,SinemaHemen: Christmoose Story, A
49592,SinemaHemen: Hokkabaz
47352,Þehirlerin Ruhu e10: Diyarbakýr
34584,Terminator -05- Genisys
49847,SinemaHemen: Bad Country
50122,SinemaHemen: Groundhog Day
30816,SinemaHemen: Coffin Baby
44247,SinemaHemen: Anderssons Rock the Mountains
51640,SinemaHemen: Specialist, The
24015,X-Men -05- First Class
48747,Þehirlerin Ruhu e61: Gümüþhane
34747,SinemaHemen: Pernicious
25862,SinemaHemen: Killing Season
64511,24Kitchen: Taste of Australia w/Hayden Quinn-S1 e09
44606,SinemaHemen: Starfish
27590,Finding Dory
44816,Scooby-Doo & The Gourmet Ghost
1346,Harry Potter -06- and the Half-Blood Prince
47348,Þehirlerin Ruhu e06: Manisa
39311,SinemaHemen: Decommissioned
32122,SinemaHemen: Heavenly Sword
8779,Mission: Impossible -03-
30833,SinemaHemen: X Moor
44471,SinemaHemen: Loop
35536,SinemaHemen: Spooks: The Greater Good
17643,SinemaHemen: Front Line, The 
19269,G.I. Joe: Retaliation
36655,SinemaHemen: Retribution
40568,SinemaHemen: Bridgend
36175,SinemaHemen: Piper, The
50594,Adým Adým Kur'an Öðreniyorum e015
24011,X-Men -02- X2
27847,SinemaHemen: Painkiller
50151,SinemaHemen: Resident Evil -03- Extinction
17800,SinemaHemen: As Luck Would Have It
52486,SinemaHemen: Ceylan
28117,SinemaHemen: End Call
39307,SinemaHemen: Adama
48391,SinemaHemen: Click
46127,SinemaHemen: Jackals
28675,SinemaHemen: Khumba
22533,SinemaHemen: Back to the Sea 
48804,SinemaHemen: San Andreas
53637,SinemaHemen: Trail Of The Pink Panther
48920,SinemaHemen: Kurbaðalar
44601,SinemaHemen: Sophie's Misfortunes
32447,SinemaHemen: Spinning into Butter
47152,Taha ve Masal Kuþu s01 e012
37264,SinemaHemen: Assassination
13205,SinemaHemen: Aeon Flux
46506,Olly the Little White Van s01 e49
19521,Toy Story -02-
18214,Lord of the Rings, The -02- The Two Towers
37268,SinemaHemen: Taxi
50732,SinemaHemen: Gangster Squad
48432,SinemaHemen: Zodiac
36389,SinemaHemen: Southbound
48401,SinemaHemen: Apparition, The
19521,Toy Story -02-
32295,Alvin and the Chipmunks
43412,SinemaHemen: Vulcania
34733,SinemaHemen: Birds of Passage
56884,BBC: Underground Worlds s01 e06
24449,SinemaHemen: Guardians, The
46504,Olly the Little White Van s01 e47
48718,Þehirlerin Ruhu e32: Çankýrý
34728,SinemaHemen: Resurrection, A
35868,SinemaHemen: Pororo
28492,SinemaHemen: Long Way Down, A
15000,Mission: Impossible -04- Ghost Protocol
18215,Lord of the Rings, The -03- The Return of the King
24070,Lego Movie, The
23949,SinemaHemen: Bounty Killer 
42801,Avengers: Infinity War
22700,Star Trek -12- Into Darkness
48816,SinemaHemen: Ýbo ile Güllüþah
51914,SinemaHemen: Yedi Bela Hüsnü
48807,SinemaHemen: One Direction: This Is Us
43704,SinemaHemen: Creepy
33116,Doctor Strange
12594,Transformers -03- Dark of the Moon
49847,SinemaHemen: Bad Country
47499,SinemaHemen: Men in Black 3
33798,SinemaHemen: Welcome to Happy Valley
28486,SinemaHemen: Four Corners
19037,Man of Steel
44445,SinemaHemen: John Doe: Vigilante
36163,SinemaHemen: Waterline
36235,Zootopia
28967,SinemaHemen: Having You
40506,SinemaHemen: Throne, The
24005,Ice Age -01-
41367,Allied
46127,SinemaHemen: Jackals
36390,SinemaHemen: Teacher of the Year
33354,SinemaHemen: Librarian
39318,SinemaHemen: La novia
48405,SinemaHemen: Passengers (2016)
23831,Gravity
58008,BBC: Animal Impossible s01 e07
46133,SinemaHemen: Ghostbusters
37266,SinemaHemen: Hallow, The
47011,Nutcracker and the Four Realms, The
44496,SinemaHemen: Off-Piste
49270,SinemaHemen: Hotel Transylvania -02-
48938,Gemini Man
49530,SinemaHemen: Baby Driver
37277,SinemaHemen: Sweet 20
33361,SinemaHemen: Taras Bulba
48713,Þehirlerin Ruhu e27: Karabük
47017,Lion King, The (2019)
14660,SinemaHemen: Shark Night
56888,BBC: Underground Worlds s01 e10
44393,SinemaHemen: Colonia
58006,BBC: Animal Impossible s01 e05
56880,BBC: Underground Worlds s01 e02
28491,SinemaHemen: 9 - Month Stretch
49856,SinemaHemen: Baywatch
12670,Super 8
13493,SinemaHemen: Mother's Day
51888,Mortal Kombat Legends: Scorpions Revenge
37737,SinemaHemen: Names Unknown
20503,SinemaHemen: Stash House
44310,SinemaHemen: Fury
12062,Thor
50168,SinemaHemen: Superman -04- The Quest for Peace
46083,Solo: A Star Wars Story
44300,SinemaHemen: Famous Five 4
28088,SinemaHemen: Finn
49290,SinemaHemen: This Is It
49351,SinemaHemen: Çýplak Vatandaþ
30698,Dersimiz Kur'an-ý Kerim e10
33628,SinemaHemen: Outpost 37
47416,Hikayelerle Çocuklara 40 Hadis e005
44932,SinemaHemen: Miracles from Heaven
39312,SinemaHemen: Deep in the Wood
47512,SinemaHemen: Tam Cam: The Untold Story
51908,SinemaHemen: Final Destination -05-
44310,SinemaHemen: Fury
50494,SinemaHemen: Time Machine, The
24068,Hobbit, The -02- The Desolation of Smaug
50151,SinemaHemen: Resident Evil -03- Extinction
51972,SinemaHemen: Final Destination -01-
32720,SinemaHemen: Debug
30821,SinemaHemen: Third Person
49605,Star Wars: The Rise of Skywalker
48455,SinemaHemen: Live by Night
24048,Ice Age -04- Continental Drift
36397,SinemaHemen: Antboy -02-
44818,Star Is Born, A
48722,Þehirlerin Ruhu e36: Nevþehir
31725,SinemaHemen: Partners in Crime
24031,Rise of the Planet of the Apes
44636,SinemaHemen: V8 - Revenge Of The Nitros
46460,Olly the Little White Van s01 e03
48710,Þehirlerin Ruhu e24: Kahramanmaraþ
46496,Olly the Little White Van s01 e39
37248,Lego DC Comics Superheroes: Justice League - Gotham City Breakout
47144,Taha ve Masal Kuþu s01 e004
88,Mission: Impossible -02-
49258,SinemaHemen: 2012
9484,Paranormal Activity -02-
23189,SinemaHemen: Sacred, The
50595,Adým Adým Kur'an Öðreniyorum e016
41244,Star Trek Beyond
48925,SinemaHemen: Çarýklý Milyoner
48351,SinemaHemen: Polar Express, The
15301,SinemaHemen: Drive
24011,X-Men -02- X2
50163,SinemaHemen: Space Jam
34546,SinemaHemen: Cruel
49606,Maleficent: Mistress of Evil
49037,SinemaHemen: Did You Hear About the Morgans?
46118,SinemaHemen: Bone Collector, The
44223,SinemaHemen: Duel, The
43396,SinemaHemen: Hide and Never Seek
15000,Mission: Impossible -04- Ghost Protocol
28956,SinemaHemen: Bald Mountain
48725,Þehirlerin Ruhu e39: Bartýn
25003,SinemaHemen: Billy & Buddy
47354,Þehirlerin Ruhu e12: Sivas
48741,Þehirlerin Ruhu e55: Hatay
29427,American Sniper
44890,SinemaHemen: You Are My Sunday
27164,Sinemahemen: Zip & Zap and the Marble Gang
48803,SinemaHemen: Mad Max: Fury Road
40579,SinemaHemen: Operator
49842,SinemaHemen: Nightmare on Elm Street, A (2010)
30713,Dersimiz Kur'an-ý Kerim e25
48746,Þehirlerin Ruhu e60: Erzincan
35532,SinemaHemen: Nicholas Noel: Stardus Magic
24012,X-Men -03- The Last Stand
46486,Olly the Little White Van s01 e29
42330,Star Wars: Episode VI - Return of the Jedi
47354,Þehirlerin Ruhu e12: Sivas
50122,SinemaHemen: Groundhog Day
22627,SinemaHemen: Philly Kid, The
51640,SinemaHemen: Specialist, The
44465,SinemaHemen: Limbo
24099,SinemaHemen: Butter
24969,SinemaHemen: Mission Impossible Ghost Protocol
46468,Olly the Little White Van s01 e11
49447,SinemaHemen: 8 Ülke 8 Yönetmen Ve Sinan e01
18441,Matrix, The -02- Reloaded
51869,Limon ile Zeytin s02 e05: Ay'a Yolculuk
23283,SinemaHemen: Albert Nobbs
28013,SinemaHemen: Bhopal: A Prayer for Rain
46495,Olly the Little White Van s01 e38
44595,SinemaHemen: Seondal: The Man Who Sells the River
28675,SinemaHemen: Khumba
43714,SinemaHemen: King's Choice, The
42798,Coco
34721,SinemaHemen: Magic Snowflake
53914,Bedesten e005
44510,SinemaHemen: Away
47141,Taha ve Masal Kuþu s01 e001
49333,SinemaHemen: Arým Balým Peteðim
50665,Barbaros Hayrettin Paþa e014
44599,SinemaHemen: Slow Learners
44828,SinemaHemen: Last Girl Standing
39324,SinemaHemen: Norm of the North
44584,SinemaHemen: Robby and Tobys Fantastic Voyager
23408,SinemaHemen: Tai Chi Hero
48395,SinemaHemen: Insidious -02-
50163,SinemaHemen: Space Jam
33612,SinemaHemen: Chasing Ghosts
32306,Alvin and the Chipmunks -03- Chipwrecked
64836,24Kitchen: Wok vs. Pot s01 e02
37276,SinemaHemen: Right Now, Wrong Then
48473,SinemaHemen: Message from Hiroshima
17808,SinemaHemen: Day, The 
24007,Ice Age -03- Dawn of the Dinosaurs
31716,SinemaHemen: Charlie's Farm
64835,24Kitchen: Wok vs. Pot s01 e01
49037,SinemaHemen: Did You Hear About the Morgans?
28494,SinemaHemen: Dark Awakening
12594,Transformers -03- Dark of the Moon
24072,Godzilla
36386,SinemaHemen: Little Boy
36649,SinemaHemen: Gangnam Blues
49258,SinemaHemen: 2012
18260,SinemaHemen: DeadHeads
51873,Limon ile Zeytin s01 e06: Gizemli Týkýrtý
48733,Þehirlerin Ruhu e47: Muðla
1420,Up (Animated)
46467,Olly the Little White Van s01 e10
48740,Þehirlerin Ruhu e54: Birgi
22619,SinemaHemen: Farewell, My Queen
44577,SinemaHemen: Possessed
52781,SinemaHemen: Poseidon
36379,SinemaHemen: Answer, The
18926,Captain America: The Winter Soldier
49931,SinemaHemen: Conjuring, The -02-
44615,SinemaHemen: That Sugar Film
49258,SinemaHemen: 2012
24010,X-Men -01-
47146,Taha ve Masal Kuþu s01 e006
37277,SinemaHemen: Sweet 20
48469,SinemaHemen: Land of Mine
33774,SinemaHemen: Pop Star Puppy
46914,Shape of Water, The
46477,Olly the Little White Van s01 e20
44611,SinemaHemen: Surface, The
54168,Body Cam
47518,SinemaHemen: Four Against the Bank
30718,Dersimiz Kur'an-ý Kerim e30
50658,Barbaros Hayrettin Paþa e007
49530,SinemaHemen: Baby Driver
16027,Dark Knight Rises, The
22392,SinemaHemen: Few Hours of Spring, A 
49670,SinemaHemen: Measure Of A Man, The
47160,Taha ve Masal Kuþu s01 e020
18442,Matrix, The -03- Revolutions
49453,SinemaHemen: 8 Ülke 8 Yönetmen Ve Sinan e07
30706,Dersimiz Kur'an-ý Kerim e18
47214,SinemaHemen: A Few Good Men
24012,X-Men -03- The Last Stand
4096,Godfather, The -03-
48404,SinemaHemen: Town, The
32306,Alvin and the Chipmunks -03- Chipwrecked
50016,SinemaHemen: Keloðlan Aramýzda
50143,SinemaHemen: Police Academy -03- Back in Training
44003,SinemaHemen: Shadow Man, The
50151,SinemaHemen: Resident Evil -03- Extinction
35302,SinemaHemen: Oddball
10186,Transformers -02- Revenge of the Fallen
43679,Alien: Covenant
26076,SinemaHemen: Famous Five 2
37262,Sully
47214,SinemaHemen: A Few Good Men
33358,SinemaHemen: Resident Evil -02- Apocalypse
48736,Þehirlerin Ruhu e50: Giresun
47500,SinemaHemen: Men in Black
9659,Tangled
43395,SinemaHemen: Heartstrings
49928,SinemaHemen: Accountant, The
48704,Þehirlerin Ruhu e18: Eskiþehir
48724,Þehirlerin Ruhu e38: Ýznik
64059,24Kitchen: Taste of Australia w/Hayden Quinn-S1 e03
10186,Transformers -02- Revenge of the Fallen
46463,Olly the Little White Van s01 e06
47161,Taha ve Masal Kuþu s01 e021
36653,SinemaHemen: K9 World Cup
49290,SinemaHemen: This Is It
44416,SinemaHemen: Dark Song, A
35877,SinemaHemen: Wyrmwood
44593,SinemaHemen: Scrap Wood War
50128,SinemaHemen: It
30696,Dersimiz Kur'an-ý Kerim e08
36399,SinemaHemen: T.I.M
48336,SinemaHemen: Social Network, The
49837,SinemaHemen: 15 Minutes
48807,SinemaHemen: One Direction: This Is Us
48726,Þehirlerin Ruhu e40: Adýyaman
49280,SinemaHemen: Salt
19157,Harry Potter -02- and the Chamber of Secrets
19037,Man of Steel
49290,SinemaHemen: This Is It
52130,SinemaHemen: Insidious: The Last Key
46478,Olly the Little White Van s01 e21
28072,SinemaHemen: Bobby and The Ghost Hunters
48708,Þehirlerin Ruhu e22: Kayseri
24011,X-Men -02- X2
49140,Lego Movie 2: The Second Part
50046,SinemaHemen: Patron Mutlu Son Ýstiyor
28504,Transformers -04- Age of Extinction
48430,SinemaHemen: Other Guys, The
41244,Star Trek Beyond
44811,Lego Dc Aquaman
35283,SinemaHemen: Coffin, The
48807,SinemaHemen: One Direction: This Is Us
44288,SinemaHemen: Don Quixote
48391,SinemaHemen: Click
48821,SinemaHemen: Fantastic Beasts and Where to Find Them
35851,SinemaHemen: Ambassador to Bern, The
30826,SinemaHemen: Devil's Hand, The (Where the Devil Hides)
48705,Þehirlerin Ruhu e19: Bilecik
38229,Ice Age: Collision Course
18638,Frozen (2013)
36393,SinemaHemen: Beijing, New York
46250,Downsizing
28010,SinemaHemen: Zambezia
48739,Þehirlerin Ruhu e53: Rize
51920,SinemaHemen: Sakar Þakir
49411,SinemaHemen: Þaban Pabucu Yarým
4084,Toy Story -03-
48974,Annihilation
40500,SinemaHemen: Road Duster
47349,Þehirlerin Ruhu e07: Trabzon
43724,SinemaHemen: Snow Queen 3
19156,Harry Potter -01- and the Sorcerer's Stone
33818,SinemaHemen: Speak No Evil
44648,SinemaHemen: World of Us, The
49037,SinemaHemen: Did You Hear About the Morgans?
29923,SinemaHemen: Spanish Affair
47143,Taha ve Masal Kuþu s01 e003
17166,SinemaHemen: Sarah Landon and the Paranormal Hour
50284,SinemaHemen: Kedi Özledi
40579,SinemaHemen: Operator
44629,SinemaHemen: Truth Beneath, The
28972,SinemaHemen: Once Upon a Forest
37736,SinemaHemen: Guide, The
64060,24Kitchen: Taste of Australia w/Hayden Quinn-S1 e04
43409,SinemaHemen: They Call Me Jeeg
50632,Minyatürlerle Osmanlý e022
49399,SinemaHemen: Köþeyi Dönen Adam
17805,SinemaHemen: In Darkness 
33813,SinemaHemen: Last Shift
48728,Þehirlerin Ruhu e42: Sinop
46515,Olly the Little White Van s01 e58
63104,SinemaHemen: Just Add Romance
47293,SinemaHemen: Red Dog (2016)
24014,X-Men -04- Origins: Wolverine
24006,Ice Age -02- The Meltdown
27255,SinemaHemen: Noble Family, The
36538,X-Men: Apocalypse
31746,SinemaHemen: Out of Season
49530,SinemaHemen: Baby Driver
30703,Dersimiz Kur'an-ý Kerim e15
34375,Maze Runner -02- The Scorch Trials
44735,SinemaHemen: Yellow Flowers on the Green Grass
22700,Star Trek -12- Into Darkness
50184,SinemaHemen: Shining, The
6166,Inception
39317,SinemaHemen: Ghost Mountaineer
34721,SinemaHemen: Magic Snowflake
47214,SinemaHemen: A Few Good Men
27587,Big Hero 6
49560,SinemaHemen: Sen Benim HerÞeyimsin
48355,SinemaHemen: Happy Feet Two
42810,SinemaHemen: Back to Mom's
33358,SinemaHemen: Resident Evil -02- Apocalypse
49273,SinemaHemen: Jack and Jill
47345,Þehirlerin Ruhu e03: Ýstanbul
24014,X-Men -04- Origins: Wolverine
46493,Olly the Little White Van s01 e36
47163,Taha ve Masal Kuþu s01 e023
46491,Olly the Little White Van s01 e34
32344,SinemaHemen: I Declare War
46923,SinemaHemen: Cloudy with a Chance of Meatballs
18441,Matrix, The -02- Reloaded
50187,SinemaHemen: Vertical Limit
48723,Þehirlerin Ruhu e37: Niðde
56885,BBC: Underground Worlds s01 e07
44436,SinemaHemen: Iceman (2014)
50639,Minyatürlerle Osmanlý e029
22701,World War Z
49273,SinemaHemen: Jack and Jill
13493,SinemaHemen: Mother's Day
43998,SinemaHemen: Recall, The
35871,SinemaHemen: Student and Mr. Henri, The
36399,SinemaHemen: T.I.M
32291,Avatar
48719,Þehirlerin Ruhu e33: Afyonkarahisar
40542,SinemaHemen: 1864
48933,Wonder Park
47988,Smallfoot
18441,Matrix, The -02- Reloaded
37255,Me Before You
48744,Þehirlerin Ruhu e58: Çorum
43851,SinemaHemen:  In the Line of Fire
27589,Ant-Man
44822,Tag
30720,Dersimiz Kur'an-ý Kerim e32
44647,SinemaHemen: Wild Soccer Bunch -06-
47418,Hikayelerle Çocuklara 40 Hadis e007
26427,Paranormal Activity: The Marked Ones
40584,SinemaHemen: Possession Experiment, The
13410,SinemaHemen: Yaþamýn Kýyýsýnda
47156,Taha ve Masal Kuþu s01 e016
48336,SinemaHemen: Social Network, The
47500,SinemaHemen: Men in Black
48714,Þehirlerin Ruhu e28: Kýrþehir
50458,SinemaHemen: Sað Salim 2: Sil Baþtan
44610,SinemaHemen: Street Racer aka Streetracers
49258,SinemaHemen: 2012
44306,SinemaHemen: Football Boys
44813,Rampage
18175,Batman Begins
50644,Minyatürlerle Osmanlý e034
48729,Þehirlerin Ruhu e43: Aydýn
64832,24Kitchen: Farm To Fork s02 e03
58011,BBC: Animal Impossible s01 e10
47015,Avengers: Endgame
31734,SinemaHemen: Sorry if I Call You Love
49448,SinemaHemen: 8 Ülke 8 Yönetmen Ve Sinan e02
54237,SinemaHemen: Venom
49530,SinemaHemen: Baby Driver
44457,SinemaHemen: Legend of La Llorona
44826,Crazy Rich Asians
48749,Þehirlerin Ruhu e63: ÜSküdar
48717,Þehirlerin Ruhu e31: Karaman
40490,SinemaHemen: Gibby
18929,Guardians of the Galaxy
46178,Greatest Showman, The
44306,SinemaHemen: Football Boys
48713,Þehirlerin Ruhu e27: Karabük
49037,SinemaHemen: Did You Hear About the Morgans?
49040,SinemaHemen: Made of Honor
50655,Barbaros Hayrettin Paþa e004
50641,Minyatürlerle Osmanlý e031
47349,Þehirlerin Ruhu e07: Trabzon
48751,Þehirlerin Ruhu e65: Fatih
44636,SinemaHemen: V8 - Revenge Of The Nitros
48745,Þehirlerin Ruhu e59: Adana
28686,SinemaHemen: Life's a Breeze
28702,SinemaHemen: Love is the Word
44586,SinemaHemen: Roommates Wanted
34747,SinemaHemen: Pernicious
50612,Minyatürlerle Osmanlý e002
44735,SinemaHemen: Yellow Flowers on the Green Grass
50287,SinemaHemen: Osmanlý Cumhuriyeti
44583,SinemaHemen: Rio 2096
17266,SinemaHemen: Hessen Affair, The
28972,SinemaHemen: Once Upon a Forest
30719,Dersimiz Kur'an-ý Kerim e31
44482,SinemaHemen: Moka
47153,Taha ve Masal Kuþu s01 e013
47425,Hikayelerle Çocuklara 40 Hadis e014
48804,SinemaHemen: San Andreas
19522,Cars -01-
44449,SinemaHemen: Justice & Co
23949,SinemaHemen: Bounty Killer 
35850,SinemaHemen: Advocate, The: A Missing Body
44220,SinemaHemen: Asura: The City of Madness
30697,Dersimiz Kur'an-ý Kerim e09
37257,Legend of Tarzan, The
47160,Taha ve Masal Kuþu s01 e020
44305,SinemaHemen: Five
39326,SinemaHemen: River
48742,Þehirlerin Ruhu e56: Beypazarý
44594,SinemaHemen: Selfie
44529,SinemaHemen: Most Beautiful Day, The
24014,X-Men -04- Origins: Wolverine
44581,SinemaHemen: Redline
32450,SinemaHemen: Abel
44825,Meg, The
43402,SinemaHemen: Mortadelo and Filemon: Mission Implausible
22627,SinemaHemen: Philly Kid, The
39322,SinemaHemen: Memory of Water, The
28984,SinemaHemen: Anderssons Hit the Road, The
50258,SinemaHemen: Payback
47165,Taha ve Masal Kuþu s01 e025
47839,Mission: Impossible -06- Fallout
47167,Taha ve Masal Kuþu s01 e027
44502,SinemaHemen: Owls & Mice
65137,24Kitchen: Farm To Fork s02 e08
49270,SinemaHemen: Hotel Transylvania -02-
40491,SinemaHemen: Harvesting, The
47343,Þehirlerin Ruhu e01: Ankara
40484,SinemaHemen: Code M
27583,Inside Out
49549,SinemaHemen: Spider-Man: Homecoming
49037,SinemaHemen: Did You Hear About the Morgans?
49280,SinemaHemen: Salt
24622,X-Men: Days of Future Past
18321,Paranormal Activity -04- 
53917,Bedesten e008
33642,SinemaHemen: Target, The
27158,SinemaHemen: Berlin File, The
42803,Toy Story -04-
32613,SpongeBob Movie, The: Sponge Out of Water
48746,Þehirlerin Ruhu e60: Erzincan
50649,Minyatürlerle Osmanlý e039
37270,SinemaHemen: Clan, The
44414,SinemaHemen: Bun In The Oven, A
47141,Taha ve Masal Kuþu s01 e001
22393,SinemaHemen: Dead Mine
49393,SinemaHemen: Keloðlan
28128,SinemaHemen: 7th Floor
49278,SinemaHemen: My Girl
36392,SinemaHemen: Wrecker
50622,Minyatürlerle Osmanlý e012
50599,Adým Adým Kur'an Öðreniyorum e020
50151,SinemaHemen: Resident Evil -03- Extinction
27583,Inside Out
47415,Hikayelerle Çocuklara 40 Hadis e004
50624,Minyatürlerle Osmanlý e014
50145,SinemaHemen: Police Academy -05- Assignment: Miami Beach
40587,SinemaHemen: Slum Police
23943,Wolverine, The
53473,SinemaHemen: Goosebumps 2: Haunted Halloween
50087,SinemaHemen: Tom and Jerry: Santa's Little Helpers
46480,Olly the Little White Van s01 e23
49270,SinemaHemen: Hotel Transylvania -02-
49664,SinemaHemen: Territories
36390,SinemaHemen: Teacher of the Year
18638,Frozen (2013)
48933,Wonder Park
53915,Bedesten e006
48722,Þehirlerin Ruhu e36: Nevþehir
48430,SinemaHemen: Other Guys, The
17144,SinemaHemen: Music Never Stopped, The 
49291,SinemaHemen: Ultraviolet
18929,Guardians of the Galaxy
43994,War for the Planet of the Apes
47500,SinemaHemen: Men in Black
27438,SinemaHemen: Kon Tiki
48727,Þehirlerin Ruhu e41: Antalya
46966,Red Sparrow
24006,Ice Age -02- The Meltdown
35524,SinemaHemen: Asterix: The Land of the Gods
33814,SinemaHemen: Shrew's Nest
46881,Christopher Robin
48706,Þehirlerin Ruhu e20: Kütahya
44410,SinemaHemen: I Am Not Madame Bovary
47510,SinemaHemen: Bearskin Prince, The
34585,Mission: Impossible -05- Rogue Nation
28979,SinemaHemen: Secrets of War
53919,Bedesten e010
44401,SinemaHemen: Help, I Shrunk My Teacher
50479,SinemaHemen: Su ve Ateþ
19526,Finding Nemo
39311,SinemaHemen: Decommissioned
32463,SinemaHemen: Kadri'nin Götürdüðü Yere Git
27578,Planes -02- Fire and Rescue
50288,SinemaHemen: Babam ve Oðlum
36667,SinemaHemen: Two Women and a Cow
26750,SinemaHemen: Witching and Bitching
28074,SinemaHemen: Fourth State, The
44279,SinemaHemen: Courted
48430,SinemaHemen: Other Guys, The
47214,SinemaHemen: A Few Good Men
49273,SinemaHemen: Jack and Jill
49278,SinemaHemen: My Girl
36393,SinemaHemen: Beijing, New York
28090,SinemaHemen: Five Thirteen
17219,SinemaHemen: War of the Buttons
34724,SinemaHemen: Welcome to the Jungle
24517,SinemaHemen: Painted Skin 2
58003,BBC: Animal Impossible s01 e02
33623,SinemaHemen: Millionaire Dog
17307,SinemaHemen: Wrinkles
30808,SinemaHemen: Mafia Only Kills in Summer, The
36378,SinemaHemen: 2047: Sights of Death
36178,SinemaHemen: Silent Thief, The
36159,SinemaHemen: Snow Queen -02-
50151,SinemaHemen: Resident Evil -03- Extinction
48391,SinemaHemen: Click
44290,SinemaHemen: Don't Speak
44809,Game Night
50145,SinemaHemen: Police Academy -05- Assignment: Miami Beach
65139,24Kitchen: Farm To Fork s02 e10
44490,SinemaHemen: My Friend Victoria
22411,SinemaHemen: HOUBA! On the Trail of the Marsupilami
40493,SinemaHemen: Manhattan Undying
36659,SinemaHemen: Kumiko, the Treasure Hunter
1420,Up (Animated)
44282,SinemaHemen: Dark Side of the Moon
50607,Adým Adým Kur'an Öðreniyorum e028
39308,SinemaHemen: Aerosol
47169,Taha ve Masal Kuþu s01 e029
44416,SinemaHemen: Dark Song, A
26768,SinemaHemen: App
50479,SinemaHemen: Su ve Ateþ
49279,SinemaHemen: Peter Pan
48750,Þehirlerin Ruhu e64: Adalar
44626,SinemaHemen: Trenk, the Little Knight
50623,Minyatürlerle Osmanlý e013
28076,SinemaHemen: John Dies at the End
27582,Avengers, The -02- Age of Ultron
49549,SinemaHemen: Spider-Man: Homecoming
18208,Harry Potter -04- and the Goblet of Fire
50471,SinemaHemen: 4N1K
28105,SinemaHemen: Pioneer
48807,SinemaHemen: One Direction: This Is Us
46081,Ferdinand
10186,Transformers -02- Revenge of the Fallen
42332,Star Wars: Episode V - The Empire Strikes Back
33358,SinemaHemen: Resident Evil -02- Apocalypse
22450,SinemaHemen: Nim's Island -02-
33786,SinemaHemen: Sultanýn Sýrrý
41117,SinemaHemen: To Rob a Thief
47166,Taha ve Masal Kuþu s01 e026
48709,Þehirlerin Ruhu e23: Malatya
42820,SinemaHemen: Rosalie Blum
24980,SinemaHemen: Ragnarok
27251,SinemaHemen: American Dreams in China
50122,SinemaHemen: Groundhog Day
44864,SinemaHemen: Past Life
46113,SinemaHemen: America's Sweethearts
37270,SinemaHemen: Clan, The
18012,SinemaHemen: Oka! 
27173,SinemaHemen: Outpost -02- Black Sun
18260,SinemaHemen: DeadHeads
22701,World War Z
50443,SinemaHemen: Can Feda
37736,SinemaHemen: Guide, The
48730,Þehirlerin Ruhu e44: Denizli
49930,SinemaHemen: Conjuring, The
48931,SinemaHemen: Gülþah
49839,SinemaHemen: 21
32473,SinemaHemen: White Storm, The
29904,SinemaHemen: El Nino
29426,Hobbit, The -03- The Battle of the Five Armies
18461,V for Vendetta
34576,SinemaHemen: Body, The (2012)
19523,WALL- E
35858,SinemaHemen: Foosball
30832,SinemaHemen: Guest, The
51284,SinemaHemen: Unforgiven
49530,SinemaHemen: Baby Driver
44390,Kingsman: The Golden Circle
49280,SinemaHemen: Salt
48725,Þehirlerin Ruhu e39: Bartýn
39314,SinemaHemen: Fear Clinic
39320,SinemaHemen: Manny, The
28500,SinemaHemen: Thunder and the House of Magic
44437,SinemaHemen: In the Fog
48743,Þehirlerin Ruhu e57: Artvin
18652,SinemaHemen: Perfect Host, The 
49290,SinemaHemen: This Is It
24446,SinemaHemen: Silent House
14426,SinemaHemen: Yona Yona Penguin 
19266,Jack Reacher
41112,SinemaHemen: Last of the Elephant Men
44616,SinemaHemen: Therapy for a Vampire
20089,SinemaHemen: Stranded
47149,Taha ve Masal Kuþu s01 e009
39326,SinemaHemen: River
24010,X-Men -01-
44500,SinemaHemen: Otherworld, The
13240,SinemaHemen: Mission: Impossible -02-
48405,SinemaHemen: Passengers (2016)
44251,SinemaHemen: Better Criminal
44464,SinemaHemen: Lily Lane
36235,Zootopia
50146,SinemaHemen: Police Academy -06- City Under Siege
44266,SinemaHemen: Caretaker
30705,Dersimiz Kur'an-ý Kerim e17
44615,SinemaHemen: That Sugar Film
34752,SinemaHemen: Walter & Tandoori's Xmas
15347,Wreck-It Ralph
51284,SinemaHemen: Unforgiven
48715,Þehirlerin Ruhu e29: Balýkesir
30810,SinemaHemen: May in the Summer
34733,SinemaHemen: Birds of Passage
25101,Prestige, The
44247,SinemaHemen: Anderssons Rock the Mountains
50615,Minyatürlerle Osmanlý e005
27587,Big Hero 6
49430,SinemaHemen: Sea Inside, The aka Mar Adentro
50142,SinemaHemen: Police Academy -02- Their First Assignment
47499,SinemaHemen: Men in Black 3
47434,SinemaHemen: Sound of Thunder, A
1420,Up (Animated)
31722,SinemaHemen: Jack Reacher
50087,SinemaHemen: Tom and Jerry: Santa's Little Helpers
36655,SinemaHemen: Retribution
27164,Sinemahemen: Zip & Zap and the Marble Gang
48714,Þehirlerin Ruhu e28: Kýrþehir
35775,Paranormal Activity -05- The Ghost Dimension
15301,SinemaHemen: Drive
44626,SinemaHemen: Trenk, the Little Knight
37737,SinemaHemen: Names Unknown
48738,Þehirlerin Ruhu e52: Ordu
37271,SinemaHemen: Even Lambs Have Teeth
26802,SinemaHemen: Fruitvale Station
36389,SinemaHemen: Southbound
24072,Godzilla
44495,SinemaHemen: Numb
49370,SinemaHemen: Gerzek Þaban
50462,SinemaHemen: Sümela'nýn Þifresi 3: Cünyor Temel
49279,SinemaHemen: Peter Pan
51271,SinemaHemen: Happy Family (Monster Family)
18638,Frozen (2013)
30811,SinemaHemen: Yellow Eyes of the Crocodiles, The
24010,X-Men -01-
40484,SinemaHemen: Code M
33358,SinemaHemen: Resident Evil -02- Apocalypse
48819,SinemaHemen: Þendul Þaban
43406,SinemaHemen: Playground
35253,SinemaHemen: Get Santa
24005,Ice Age -01-
50186,SinemaHemen: Tom & Jerry: Charlie & The Chocolate Factory
22801,SinemaHemen: Parker 
24655,SinemaHemen: Brass Teapot , The
44595,SinemaHemen: Seondal: The Man Who Sells the River
44436,SinemaHemen: Iceman (2014)
49549,SinemaHemen: Spider-Man: Homecoming
49604,Frozen II
36539,Big Short, The
50646,Minyatürlerle Osmanlý e036
50656,Barbaros Hayrettin Paþa e005
8779,Mission: Impossible -03-
22694,SinemaHemen: Revenge for Jolly!
49549,SinemaHemen: Spider-Man: Homecoming
46470,Olly the Little White Van s01 e13
42199,Assassin's Creed
47150,Taha ve Masal Kuþu s01 e010
28487,SinemaHemen: Max
17040,SinemaHemen: Atrocious
50605,Adým Adým Kur'an Öðreniyorum e026
48405,SinemaHemen: Passengers (2016)
30441,In the Heart of the Sea
49,Mission: Impossible -01-
30834,SinemaHemen: Time Lapse
47506,SinemaHemen: Nutcracker and the Mouse King, The
49258,SinemaHemen: 2012
47012,Captain Marvel
23182,SinemaHemen: House of Last Things
42202,SinemaHemen: Blood Father
22411,SinemaHemen: HOUBA! On the Trail of the Marsupilami
17219,SinemaHemen: War of the Buttons
50127,SinemaHemen: Interstellar
23943,Wolverine, The
44619,SinemaHemen: To Life!
14329,SinemaHemen: Þeytanýn Pabucu
36651,SinemaHemen: Wave, The
44581,SinemaHemen: Redline
19522,Cars -01-
47155,Taha ve Masal Kuþu s01 e015
42817,SinemaHemen: Little Grey Fergie 3, The
53913,Bedesten e004
43848,SinemaHemen: As Good as It Gets
46503,Olly the Little White Van s01 e46
51922,SinemaHemen: Sahte Kabadayý
49147,Lego Dc Super Heroes: Batman Family Matters
46923,SinemaHemen: Cloudy with a Chance of Meatballs
33813,SinemaHemen: Last Shift
48503,SinemaHemen: Gift, The (2015)
30561,Maze Runner, The -01-
24012,X-Men -03- The Last Stand
53199,SinemaHemen: Equalizer 2, The
49278,SinemaHemen: My Girl
50626,Minyatürlerle Osmanlý e016
50662,Barbaros Hayrettin Paþa e011
50611,Minyatürlerle Osmanlý e001
47154,Taha ve Masal Kuþu s01 e014
34734,SinemaHemen: Boy 7
35266,SinemaHemen: Scout
48711,Þehirlerin Ruhu e25: Gaziantep
26797,SinemaHemen: Family United
27586,Cinderella (2015)
40566,SinemaHemen: Babysitting 2
37243,Lego DC Comics Super Heroes: Justice League - Cosmic Clash
48817,SinemaHemen: Gülþah Küçük Anne
50669,Barbaros Hayrettin Paþa e018
49652,SinemaHemen: Sen Kimsin?
11831,Cars -02-
30816,SinemaHemen: Coffin Baby
49598,SinemaHemen: Koltuk Belasý
12144,SinemaHemen: Frozen
41367,Allied
47347,Þehirlerin Ruhu e05: Çanakkale
50659,Barbaros Hayrettin Paþa e008
34571,SinemaHemen: Ruby Strangelove Young Witch
49290,SinemaHemen: This Is It
50630,Minyatürlerle Osmanlý e020
50609,Adým Adým Kur'an Öðreniyorum e030
22517,SinemaHemen: In Their Skin
62093,Yüzyýlýn Alimleri e001
44312,SinemaHemen: Hanna's Sleeping Dogs
50466,SinemaHemen: Þansýmý Seveyim
18207,Harry Potter -03- and the Prisoner of Azkaban
43724,SinemaHemen: Snow Queen 3
33797,SinemaHemen: Crow's Egg
30714,Dersimiz Kur'an-ý Kerim e26
40485,SinemaHemen: Correspondence
48405,SinemaHemen: Passengers (2016)
9659,Tangled
44398,SinemaHemen: French Cuisine (2015)
47294,SinemaHemen: Split (Korean)
14328,SinemaHemen: Sizi Seviyorum
33341,SinemaHemen: Dead Heist
50122,SinemaHemen: Groundhog Day
41572,Fences
49407,SinemaHemen: Pehlivan
24953,SinemaHemen: Empire of Dirt
47148,Taha ve Masal Kuþu s01 e008
47505,SinemaHemen: Prinzessin Maleen
47434,SinemaHemen: Sound of Thunder, A
40581,SinemaHemen: Parisienne
48919,SinemaHemen: Davacý
8780,Transformers -01-
42813,SinemaHemen: Enclosure
47162,Taha ve Masal Kuþu s01 e022
24446,SinemaHemen: Silent House
32473,SinemaHemen: White Storm, The
36663,SinemaHemen: Accidental Detective, The
48930,SinemaHemen: Meraklý Köfteci
23727,SinemaHemen: Ghost Graduation
35527,SinemaHemen: Nicholas Noel: My Magical Story
53237,SinemaHemen: League Of Their Own, A
49037,SinemaHemen: Did You Hear About the Morgans?
47351,Þehirlerin Ruhu e09: Mardin
50473,SinemaHemen: Unutursam Fýsýlda
48712,Þehirlerin Ruhu e26: Kocaeli
50146,SinemaHemen: Police Academy -06- City Under Siege
43713,SinemaHemen: Journey Is the Destination
45524,Star Wars: Episode VIII - The Last Jedi
24288,SinemaHemen: Ernest & Celestine
49669,SinemaHemen: Department Q: The Keeper of Lost Causes
44527,SinemaHemen: Kidnap - Bo's Most Exciting Holiday Ever
36381,SinemaHemen: Bill
46949,SinemaHemen: Marie-Francine
30441,In the Heart of the Sea
50650,Minyatürlerle Osmanlý e040
35537,SinemaHemen: Unnatural
31735,SinemaHemen: Strange Blood
32613,SpongeBob Movie, The: Sponge Out of Water
23925,SinemaHemen: Unit 7
46926,SinemaHemen: Despite the Falling Snow
47258,SinemaHemen: Crash, The aka Jekyll Island
50631,Minyatürlerle Osmanlý e021
47428,Hikayelerle Çocuklara 40 Hadis e017
32471,SinemaHemen: Black Rider, The
49040,SinemaHemen: Made of Honor
49847,SinemaHemen: Bad Country
47419,Hikayelerle Çocuklara 40 Hadis e008
44642,SinemaHemen: Violent Prosecutor, A
19524,Ratatouille
46472,Olly the Little White Van s01 e15
49562,SinemaHemen: Yok Artýk -02-
31746,SinemaHemen: Out of Season
49962,SinemaHemen: Annabelle: Creation
44439,SinemaHemen: Indivisible
44933,SinemaHemen: Shelley
23182,SinemaHemen: House of Last Things
20089,SinemaHemen: Stranded
46505,Olly the Little White Van s01 e48
48354,SinemaHemen: Happy Feet
44440,SinemaHemen: Inerasable, The
47214,SinemaHemen: A Few Good Men
48745,Þehirlerin Ruhu e59: Adana
40503,SinemaHemen: Pearl Button, The
27840,SinemaHemen: Alpha
50618,Minyatürlerle Osmanlý e008
30694,Dersimiz Kur'an-ý Kerim e06
44267,SinemaHemen: Carnage Park
50147,SinemaHemen: Police Academy -07- Mission to Moscow
14741,Paranormal Activity -03-
48807,SinemaHemen: One Direction: This Is Us
48401,SinemaHemen: Apparition, The
22702,SinemaHemen: Forgotten
36652,SinemaHemen: Little Savages
30701,Dersimiz Kur'an-ý Kerim e13
29926,SinemaHemen: Storm Within, The
19157,Harry Potter -02- and the Chamber of Secrets
47344,Þehirlerin Ruhu e02: Bursa
46922,SinemaHemen: Zurich
32200,SinemaHemen: Magic Silver 2
31741,SinemaHemen: Irish Jam
47356,Þehirlerin Ruhu e14: Amasya
42919,Gifted
28688,SinemaHemen: Class of Fun
24011,X-Men -02- X2
35869,SinemaHemen: Ribbit
62100,Yüzyýlýn Alimleri e008
44228,SinemaHemen: Eavesdropper
46950,SinemaHemen: Marseille
43715,SinemaHemen: Lost in Saigon
48704,Þehirlerin Ruhu e18: Eskiþehir
49291,SinemaHemen: Ultraviolet
48395,SinemaHemen: Insidious -02-
49270,SinemaHemen: Hotel Transylvania -02-
50122,SinemaHemen: Groundhog Day
11831,Cars -02-
37273,SinemaHemen: Ooops! Noah is Gone...
50628,Minyatürlerle Osmanlý e018
44929,SinemaHemen: Happy Hunting
48737,Þehirlerin Ruhu e51: Samsun
50636,Minyatürlerle Osmanlý e026
15000,Mission: Impossible -04- Ghost Protocol
48430,SinemaHemen: Other Guys, The
44281,SinemaHemen: Cromo
50182,SinemaHemen: LEGO Batman Movie, The
35559,SinemaHemen: Uncaged
44262,SinemaHemen: Bulldog for Christmas, A
50017,SinemaHemen: King Arthur: Legend of the Sword
10186,Transformers -02- Revenge of the Fallen
36386,SinemaHemen: Little Boy
27586,Cinderella (2015)
39323,SinemaHemen: Never Let Go
44489,SinemaHemen: My First Miracle
48395,SinemaHemen: Insidious -02-
18637,Planes -01-
44453,SinemaHemen: Kills on Wheels
11831,Cars -02-
19269,G.I. Joe: Retaliation
18574,Thor -02- The Dark World
39314,SinemaHemen: Fear Clinic
51968,SinemaHemen: Final Destination -03-
49896,SinemaHemen: Going in Style
18637,Planes -01-
44301,SinemaHemen: Fbi: Frog Butthead Ýnvestigators
35297,SinemaHemen: Mirage
19523,WALL- E
44448,SinemaHemen: Jules and Dolores
32714,SinemaHemen: Flame and Citron
49972,SinemaHemen: Captain Fantastic
34584,Terminator -05- Genisys
47500,SinemaHemen: Men in Black
50627,Minyatürlerle Osmanlý e017
32721,SinemaHemen: Almost Human
23831,Gravity
12594,Transformers -03- Dark of the Moon
34753,SinemaHemen: Yasmine
18461,V for Vendetta
34724,SinemaHemen: Welcome to the Jungle
44627,SinemaHemen: Trollie: Home Sweet Home
44005,SinemaHemen: Trespass Against Us
53487,SinemaHemen: Super 8
47164,Taha ve Masal Kuþu s01 e024
44927,SinemaHemen: Darkland
40497,SinemaHemen: One Way Trip
46118,SinemaHemen: Bone Collector, The
28956,SinemaHemen: Bald Mountain
36165,SinemaHemen: Ambush at Dark Canyon
14741,Paranormal Activity -03-
14426,SinemaHemen: Yona Yona Penguin 
47346,Þehirlerin Ruhu e04: Edirne
39320,SinemaHemen: Manny, The
47429,Hikayelerle Çocuklara 40 Hadis e018
33637,SinemaHemen: Sand, The
19523,WALL- E
42822,SinemaHemen: Social Suicide
49839,SinemaHemen: 21
47013,Dumbo
47414,Hikayelerle Çocuklara 40 Hadis e003
30712,Dersimiz Kur'an-ý Kerim e24
47142,Taha ve Masal Kuþu s01 e002
44004,SinemaHemen: Teacher, The
44445,SinemaHemen: John Doe: Vigilante
32701,SinemaHemen: Brave Men's Blood
44734,SinemaHemen: White Rabbit
41117,SinemaHemen: To Rob a Thief
49291,SinemaHemen: Ultraviolet
28010,SinemaHemen: Zambezia
46963,SinemaHemen: Winnetou's Son
49962,SinemaHemen: Annabelle: Creation
48743,Þehirlerin Ruhu e57: Artvin
28674,SinemaHemen: Shooter
