100016262,NoActiveLicense,{"status":null,"contentcode":null,"message":"The content does not exist.","result":"80200503"}
000575007,NoActiveLicense,{"status":null,"contentcode":null,"message":"The content does not exist.","result":"80200503"}
000575013,NoActiveLicense,{"status":null,"contentcode":null,"message":"The content does not exist.","result":"80200503"}
000575031,NoActiveLicense,{"status":null,"contentcode":null,"message":"The content does not exist.","result":"80200503"}
100016256,NoActiveLicense,{"status":null,"contentcode":null,"message":"The content does not exist.","result":"80200503"}
100016247,NoActiveLicense,{"status":null,"contentcode":null,"message":"The content does not exist.","result":"80200503"}
000575053,NoActiveLicense,{"status":null,"contentcode":null,"message":"The content does not exist.","result":"80200503"}
000575041,NoActiveLicense,{"status":null,"contentcode":null,"message":"The content does not exist.","result":"80200503"}
100003664,NoActiveLicense,{"status":null,"contentcode":null,"message":"The content does not exist.","result":"80200503"}
100016254,NoActiveLicense,{"status":null,"contentcode":null,"message":"The content does not exist.","result":"80200503"}
100007624,NoActiveLicense,{"status":null,"contentcode":null,"message":"The content does not exist.","result":"80200503"}
100016273,NoActiveLicense,{"status":null,"contentcode":null,"message":"The content does not exist.","result":"80200503"}
000575021,NoActiveLicense,{"status":null,"contentcode":null,"message":"The content does not exist.","result":"80200503"}
100007333,NoActiveLicense,{"status":null,"contentcode":null,"message":"The content does not exist.","result":"80200503"}
000575011,NoActiveLicense,{"status":null,"contentcode":null,"message":"The content does not exist.","result":"80200503"}
000575045,NoActiveLicense,{"status":null,"contentcode":null,"message":"The content does not exist.","result":"80200503"}
100016238,NoActiveLicense,{"status":null,"contentcode":null,"message":"The content does not exist.","result":"80200503"}
100007567,NoActiveLicense,{"status":null,"contentcode":null,"message":"The content does not exist.","result":"80200503"}
000575037,NoActiveLicense,{"status":null,"contentcode":null,"message":"The content does not exist.","result":"80200503"}
000575043,NoActiveLicense,{"status":null,"contentcode":null,"message":"The content does not exist.","result":"80200503"}
000575039,NoActiveLicense,{"status":null,"contentcode":null,"message":"The content does not exist.","result":"80200503"}
000600116,NoActiveLicense,{"status":null,"contentcode":null,"message":"The content does not exist.","result":"80200503"}
100003683,NoActiveLicense,{"status":null,"contentcode":null,"message":"The content does not exist.","result":"80200503"}
000575049,NoActiveLicense,{"status":null,"contentcode":null,"message":"The content does not exist.","result":"80200503"}
100016269,NoActiveLicense,{"status":null,"contentcode":null,"message":"The content does not exist.","result":"80200503"}
100016246,NoActiveLicense,{"status":null,"contentcode":null,"message":"The content does not exist.","result":"80200503"}
000575015,NoActiveLicense,{"status":null,"contentcode":null,"message":"The content does not exist.","result":"80200503"}
100016268,NoActiveLicense,{"status":null,"contentcode":null,"message":"The content does not exist.","result":"80200503"}
000575019,NoActiveLicense,{"status":null,"contentcode":null,"message":"The content does not exist.","result":"80200503"}
000600366,NoActiveLicense,{"status":null,"contentcode":null,"message":"The content does not exist.","result":"80200503"}
000575027,NoActiveLicense,{"status":null,"contentcode":null,"message":"The content does not exist.","result":"80200503"}
000575047,NoActiveLicense,{"status":null,"contentcode":null,"message":"The content does not exist.","result":"80200503"}
000575009,NoActiveLicense,{"status":null,"contentcode":null,"message":"The content does not exist.","result":"80200503"}
100007526,NoActiveLicense,{"status":null,"contentcode":null,"message":"The content does not exist.","result":"80200503"}
000600204,NoActiveLicense,{"status":null,"contentcode":null,"message":"The content does not exist.","result":"80200503"}
100003656,NoActiveLicense,{"status":null,"contentcode":null,"message":"The content does not exist.","result":"80200503"}
000600364,NoActiveLicense,{"status":null,"contentcode":null,"message":"The content does not exist.","result":"80200503"}
100007453,NoActiveLicense,{"status":null,"contentcode":null,"message":"The content does not exist.","result":"80200503"}
100004178,NoActiveLicense,{"status":null,"contentcode":null,"message":"The content does not exist.","result":"80200503"}
100007414,NoActiveLicense,{"status":null,"contentcode":null,"message":"The content does not exist.","result":"80200503"}
100016255,NoActiveLicense,{"status":null,"contentcode":null,"message":"The content does not exist.","result":"80200503"}
100019506,NoActiveLicense,{"status":null,"contentcode":null,"message":"The content does not exist.","result":"80200503"}
000526072,NoActiveLicense,{"status":"1","contentcode":"00000020010000003379","message":"success","result":"0"}
100016248,NoActiveLicense,{"status":null,"contentcode":null,"message":"The content does not exist.","result":"80200503"}
100007420,NoActiveLicense,{"status":null,"contentcode":null,"message":"The content does not exist.","result":"80200503"}
100016259,NoActiveLicense,{"status":null,"contentcode":null,"message":"The content does not exist.","result":"80200503"}
100016236,NoActiveLicense,{"status":null,"contentcode":null,"message":"The content does not exist.","result":"80200503"}
000575023,NoActiveLicense,{"status":null,"contentcode":null,"message":"The content does not exist.","result":"80200503"}
100007623,NoActiveLicense,{"status":null,"contentcode":null,"message":"The content does not exist.","result":"80200503"}
100016270,NoActiveLicense,{"status":null,"contentcode":null,"message":"The content does not exist.","result":"80200503"}
100016267,NoActiveLicense,{"status":null,"contentcode":null,"message":"The content does not exist.","result":"80200503"}
000575055,NoActiveLicense,{"status":null,"contentcode":null,"message":"The content does not exist.","result":"80200503"}
100016264,NoActiveLicense,{"status":null,"contentcode":null,"message":"The content does not exist.","result":"80200503"}
000575029,NoActiveLicense,{"status":null,"contentcode":null,"message":"The content does not exist.","result":"80200503"}
100007684,NoActiveLicense,{"status":null,"contentcode":null,"message":"The content does not exist.","result":"80200503"}
100016266,NoActiveLicense,{"status":null,"contentcode":null,"message":"The content does not exist.","result":"80200503"}
100016258,NoActiveLicense,{"status":null,"contentcode":null,"message":"The content does not exist.","result":"80200503"}
100016235,NoActiveLicense,{"status":null,"contentcode":null,"message":"The content does not exist.","result":"80200503"}
100016245,NoActiveLicense,{"status":null,"contentcode":null,"message":"The content does not exist.","result":"80200503"}
000575033,NoActiveLicense,{"status":null,"contentcode":null,"message":"The content does not exist.","result":"80200503"}
100003685,NoActiveLicense,{"status":null,"contentcode":null,"message":"The content does not exist.","result":"80200503"}
100016253,NoActiveLicense,{"status":null,"contentcode":null,"message":"The content does not exist.","result":"80200503"}
000592514,NoActiveLicense,{"status":"0","contentcode":"00000020010000003944","message":"success","result":"0"}
100016243,NoActiveLicense,{"status":null,"contentcode":null,"message":"The content does not exist.","result":"80200503"}
000575059,NoActiveLicense,{"status":null,"contentcode":null,"message":"The content does not exist.","result":"80200503"}
100007331,NoActiveLicense,{"status":null,"contentcode":null,"message":"The content does not exist.","result":"80200503"}
100007334,NoActiveLicense,{"status":null,"contentcode":null,"message":"The content does not exist.","result":"80200503"}
100016242,NoActiveLicense,{"status":null,"contentcode":null,"message":"The content does not exist.","result":"80200503"}
100019507,NoActiveLicense,{"status":null,"contentcode":null,"message":"The content does not exist.","result":"80200503"}
100016237,NoActiveLicense,{"status":null,"contentcode":null,"message":"The content does not exist.","result":"80200503"}
100016244,NoActiveLicense,{"status":null,"contentcode":null,"message":"The content does not exist.","result":"80200503"}
100016261,NoActiveLicense,{"status":null,"contentcode":null,"message":"The content does not exist.","result":"80200503"}
000575051,NoActiveLicense,{"status":null,"contentcode":null,"message":"The content does not exist.","result":"80200503"}
000575057,NoActiveLicense,{"status":null,"contentcode":null,"message":"The content does not exist.","result":"80200503"}
100007452,NoActiveLicense,{"status":null,"contentcode":null,"message":"The content does not exist.","result":"80200503"}
100016265,NoActiveLicense,{"status":null,"contentcode":null,"message":"The content does not exist.","result":"80200503"}
100016271,NoActiveLicense,{"status":null,"contentcode":null,"message":"The content does not exist.","result":"80200503"}
100004179,NoActiveLicense,{"status":null,"contentcode":null,"message":"The content does not exist.","result":"80200503"}
100003678,NoActiveLicense,{"status":null,"contentcode":null,"message":"The content does not exist.","result":"80200503"}
000575035,NoActiveLicense,{"status":null,"contentcode":null,"message":"The content does not exist.","result":"80200503"}
100016240,NoActiveLicense,{"status":null,"contentcode":null,"message":"The content does not exist.","result":"80200503"}
000575061,NoActiveLicense,{"status":null,"contentcode":null,"message":"The content does not exist.","result":"80200503"}
000575003,NoActiveLicense,{"status":null,"contentcode":null,"message":"The content does not exist.","result":"80200503"}
100016234,NoActiveLicense,{"status":null,"contentcode":null,"message":"The content does not exist.","result":"80200503"}
100016263,NoActiveLicense,{"status":null,"contentcode":null,"message":"The content does not exist.","result":"80200503"}
100016239,NoActiveLicense,{"status":null,"contentcode":null,"message":"The content does not exist.","result":"80200503"}
100007419,NoActiveLicense,{"status":null,"contentcode":null,"message":"The content does not exist.","result":"80200503"}
100016251,NoActiveLicense,{"status":null,"contentcode":null,"message":"The content does not exist.","result":"80200503"}
000575017,NoActiveLicense,{"status":null,"contentcode":null,"message":"The content does not exist.","result":"80200503"}
100016260,NoActiveLicense,{"status":null,"contentcode":null,"message":"The content does not exist.","result":"80200503"}
100016241,NoActiveLicense,{"status":null,"contentcode":null,"message":"The content does not exist.","result":"80200503"}
100016252,NoActiveLicense,{"status":null,"contentcode":null,"message":"The content does not exist.","result":"80200503"}
000526712,NoActiveLicense,{"status":"0","contentcode":"00000020010000012870","message":"success","result":"0"}
000575025,NoActiveLicense,{"status":null,"contentcode":null,"message":"The content does not exist.","result":"80200503"}
000575005,NoActiveLicense,{"status":null,"contentcode":null,"message":"The content does not exist.","result":"80200503"}
100016257,NoActiveLicense,{"status":null,"contentcode":null,"message":"The content does not exist.","result":"80200503"}
100016249,NoActiveLicense,{"status":null,"contentcode":null,"message":"The content does not exist.","result":"80200503"}
100004927,NoActiveLicense,{"status":null,"contentcode":null,"message":"The content does not exist.","result":"80200503"}
100016250,NoActiveLicense,{"status":null,"contentcode":null,"message":"The content does not exist.","result":"80200503"}
000585188,NoActiveLicense,{"status":"1","contentcode":"00000020010000020845","message":"success","result":"0"}
100016272,NoActiveLicense,{"status":null,"contentcode":null,"message":"The content does not exist.","result":"80200503"}
